idProduct	name	set	category	list	baseline_avg	baseline_low	baseline_trend	baseline_date	note
275404	Charizard [Crystal Type | Fireblast | Dragon Tail]	Skyridge	Single	condition-48	6800	475	4526.87	2026-08-10	PL EUR1500.0 vs NM EUR3100.0 (2.07x)
275225	Lugia [Crystal Type | Psychic | Steam Blast]	Aquapolis	Single	condition-48	6115	820	4184.43	2026-08-10	PL EUR1900.0 vs NM EUR3899.0 (2.05x)
369095	Latias & Latios GX [Buster Purge | Aero Unit GX]	Team Up	Single	condition-48	5138.4	335	3208.39	2026-08-10	EX EUR23.0 vs NM EUR63.0 (2.74x)
276875	Kyogre Gold Star [Critical Collection | Sheer Cold]	EX Delta Species	Single	condition-48	3700	499.99	1363.53	2026-08-10	LP EUR1142.32 vs NM EUR4799.0 (4.2x)
274759	Shining Charizard [White-hot Flame]	Neo Destiny	Single	condition-48	2650	298	1238.68	2026-08-10	PL EUR900.0 vs NM EUR3000.0 (3.33x)
562305	Umbreon [Shadow Drain | Slashing Strike]	BW Promos	Single	condition-48	2600	300	630.09	2026-08-10	GD EUR18.04 vs NM EUR40.0 (2.22x)
276401	Treecko Gold Star [Tackle | Spring Back]	EX Team Rocket Returns	Single	condition-48	2491.67	2000	2931.98	2026-08-10	GD EUR2000.0 vs NM EUR7000.0 (3.5x)
275407	Ho-Oh [Crystal Type | Holy Flame | Scalding Steam]	Skyridge	Single	condition-48	1449	84.9	1174.58	2026-08-10	LP EUR270.0 vs NM EUR420.0 (1.56x)
469209	Poncho-wearing Eevee [Pin Missile?]	Sun & Moon Promos	Single	condition-48	1349.5	520	1148.24	2026-08-10	GD EUR520.0 vs NM EUR880.0 (1.69x)
469599	Cherry Blossom Afro Pikachu [Cherry Blossom Bloom | Pika Bolt]	Sun & Moon Promos	Single	condition-48	1335	250	703	2026-08-10	GD EUR250.0 vs NM EUR480.0 (1.92x)
284278	Primal Groudon EX [Gaia Volcano]	Ancient Origins	Single	condition-48	1273.33	64.99	785.82	2026-08-10	PL EUR80.0 vs NM EUR300.61 (3.76x)
276759	Entei Gold Star [Burning Turn | Detonation]	EX Unseen Forces	Single	condition-48	1250	100	870.61	2026-08-10	LP EUR849.99 vs NM EUR1299.95 (1.53x)
652083	Kingdra [Crystal Type | Aquabomb | Dual Burn]	Wind from the Sea	Single	condition-48	1200	650	1247.71	2026-08-10	PL EUR62.53 vs NM EUR139.95 (2.24x)
277181	Celebi Gold Star [Time Travel | Leaf Shade]	EX Crystal Guardians	Single	condition-48	1069.14	299.99	1157.33	2026-08-10	PL EUR899.0 vs NM EUR2104.26 (2.34x)
652065	Tyranitar [Destructive Roar | Tail Slap | Gigacrush]	Wind from the Sea	Single	condition-48	1012.25	120	461.09	2026-08-10	PL EUR120.0 vs NM EUR925.0 (7.71x)
276967	Regice Gold Star [Ice Barrier | Final Blizzard]	EX Legend Maker	Single	condition-48	964	300	781.73	2026-08-10	PL EUR500.0 vs NM EUR1000.0 (2.0x)
302215	Mewtwo GX [Full Burst | Super Absorption | Psystrike GX]	Shining Legends	Single	condition-48	879.32	145.95	1290.68	2026-08-10	GD EUR11.0 vs NM EUR30.0 (2.73x)
275237	Gyarados [Flame Vapor | Dragon's Vengeance]	Skyridge	Single	condition-48	859.58	100	841.37	2026-08-10	PL EUR39.0 vs NM EUR170.0 (4.36x)
564055	MGengar EX [Phantom Gate]	Phantom Gate	Single	condition-48	800	399	605.37	2026-08-10	PL EUR52.5 vs NM EUR71.22 (1.36x)
449108	Umbreon & Darkrai GX [Black Lance | Dark Moon GX]	SM Black Star Promos	Single	condition-48	777.38	65	308.66	2026-08-10	PL EUR135.0 vs NM EUR280.0 (2.07x)
275403	Celebi [Crystal Type | Empathic Healing | Mind Bend]	Skyridge	Single	condition-48	776.33	175	1039.36	2026-08-10	LP EUR220.0 vs NM EUR580.0 (2.64x)
469969	Yokohama's Pikachu [Renewal Open! | Triple Smash]	Sun & Moon Promos	Single	condition-48	756.65	199.99	1032.39	2026-08-10	GD EUR210.6 vs NM EUR320.0 (1.52x)
276757	Tyranitar ex [Shatter | Derail | Mix-Up | Losing Control]	EX Unseen Forces	Single	condition-48	754.55	35	174.73	2026-08-10	LP EUR249.98 vs NM EUR2000.0 (8.0x)
566418	Mewtwo Lv.42 [Hypnoblast | Psychic]	DPt Promos	Single	condition-48	749.33	30	160.8	2026-08-10	PL EUR30.0 vs NM EUR199.0 (6.63x)
469594	Gentleman Pikachu [New Open | Pika Stick]	Sun & Moon Promos	Single	condition-48	699.95	299.9	511.09	2026-08-10	PL EUR299.9 vs NM EUR700.0 (2.33x)
275050	Houndoom [Fireworks | Dark Impact]	Aquapolis	Single	condition-48	651.67	87.99	678.54	2026-08-10	PL EUR12.97 vs NM EUR49.95 (3.85x)
650702	Feraligatr [Major Tsunami | Rending Jaws]	Base Expansion Pack	Single	condition-48	620	75	338.05	2026-08-10	EX EUR75.0 vs NM EUR299.99 (4.0x)
275405	Crobat [Crystal Type | Poison Flame | Squared Attack]	Skyridge	Single	condition-48	563.33	59.98	581.18	2026-08-10	PL EUR7.98 vs NM EUR24.99 (3.13x)
412919	Armored Mewtwo [Psychic Raid]	SM Black Star Promos	Single	condition-48	554.95	24.99	438.86	2026-08-10	PL EUR45.0 vs NM EUR194.95 (4.33x)
288632	Mew [Clairvoyance | Psychic]	XY Black Star Promos	Single	condition-48	515.33	20	366.07	2026-08-10	PL EUR60.13 vs NM EUR140.0 (2.33x)
554540	Bruno's Steelix [Headbutt | Rock Smash]	Pokémon Card VS	Single	condition-48	501.03	199.9	315.42	2026-08-10	GD EUR215.0 vs NM EUR299.99 (1.4x)
566758	Snorlax Lv.X [Big Appetite | Exercise]	DP Promos	Single	condition-48	405	109.9	509.73	2026-08-10	PL EUR189.99 vs NM EUR1800.0 (9.47x)
554513	Will's Espeon [Tail Slap | Psybeam]	Pokémon Card VS	Single	condition-48	219.66	95	291.63	2026-08-10	LP EUR95.0 vs NM EUR259.95 (2.74x)
278853	Lucario Lv.41 [Metal Claw | Pulse Blast]	Pokémon Rumble	Single	condition-48	190	110	154.43	2026-08-10	PL EUR110.0 vs NM EUR250.0 (2.27x)
277470	Sceptile [Energy Trans | Tail Rap]	POP Series 4	Single	condition-48	185	200	170.52	2026-08-10	EX EUR500.0 vs NM EUR3150.0 (6.3x)
566549	Tree of Beginning's Mew [Teleport | Psychic]	10th Movie Commemoration Set	Single	condition-48	129	60	170.35	2026-08-10	PL EUR60.0 vs NM EUR229.99 (3.83x)
668857	Palkia & Dialga LEGEND [Top]	Clash at the Summit	Single	condition-48	126.49	74.99	139.22	2026-08-10	PL EUR74.99 vs NM EUR199.99 (2.67x)
566755	Charmander Lv.9 [Minor Errand-Running | Flamethrower]	DP Promos	Single	condition-48	118.99	90	109.56	2026-08-10	GD EUR90.0 vs NM EUR139.98 (1.56x)
571768	Flying Pikachu [Thundershock | Fly]	Unnumbered Promos	Single	condition-48	113.96	50	80.85	2026-08-10	PL EUR33.0 vs NM EUR69.0 (2.09x)
554456	Misty's Lapras [Sweet Song | Giant Wave]	Pokémon Card VS	Single	condition-48	88	69.95	124.52	2026-08-10	PL EUR100.0 vs NM EUR179.98 (1.8x)
561900	MGardevoir EX [Despair Ray]	The Best of XY	Single	condition-48	69.95	29.99	34.12	2026-08-10	LP EUR29.99 vs NM EUR44.98 (1.5x)
783318	Dark Ampharos [Darkest Impulse | Ram | Shock Bolt]	Rocket Gang Strikes Back	Single	condition-48	44.9	25	65.16	2026-08-10	GD EUR25.0 vs NM EUR47.77 (1.91x)
277306	Mew Gold Star δ Delta Species [Mimicry | Rainbow Wave]	EX Dragon Frontiers	Single	growth-50	3721.25	350	3747.93	2026-08-10	18m +533%, Jun-Aug 121.6%
469484	Pretend Boss Pikachu - Team Aqua [Amibition of the Sea? | Pika Punch]	Sun & Moon Promos	Single	growth-50	3149.95	2350	883.64	2026-08-10	18m +576%, Jun-Aug 152.0%
276401	Treecko Gold Star [Tackle | Spring Back]	EX Team Rocket Returns	Single	growth-50	2491.67	2000	2931.98	2026-08-10	18m +402%, Jun-Aug 24.6%
697073	Charizard VMAX [Claw Slash | G-Max Wildfire]	Play! Pokémon Prize Pack Series One	Single	growth-50	1999.99	699.99	700.67	2026-08-10	18m +525%, Jun-Aug -0.0%
571214	Touch Generation Change!	P Promos	Single	growth-50	1500		647.96	2026-08-10	18m +403%, Jun-Aug 100.0%
469209	Poncho-wearing Eevee [Pin Missile?]	Sun & Moon Promos	Single	growth-50	1349.5	520	1148.24	2026-08-10	18m +575%, Jun-Aug -0.0%
705104	Charizard VSTAR [Explosive Fire | Star Blaze]	Play! Pokémon Prize Pack Series Two	Single	growth-50	1250	120	589.8	2026-08-10	18m +473%, Jun-Aug 316.7%
652083	Kingdra [Crystal Type | Aquabomb | Dual Burn]	Wind from the Sea	Single	growth-50	1200	650	1247.71	2026-08-10	18m +543%, Jun-Aug 0.0%
562014	Larvitar [Headbutt | Comet Punch]	McDonald's Pokémon-e Minimum Pack	Single	growth-50	836.67	149	482.71	2026-08-10	18m +475%, Jun-Aug 270.2%
469969	Yokohama's Pikachu [Renewal Open! | Triple Smash]	Sun & Moon Promos	Single	growth-50	756.65	199.99	1032.39	2026-08-10	18m +491%, Jun-Aug -7.5%
571474	Surfing Pikachu [Surf]	Pokémon Card web	Single	growth-50	750	1000	278.95	2026-08-10	18m +520%, Jun-Aug 87.5%
469524	Pretend Boss Pikachu - Team Flare [A Beautiful World? | Pika Punch]	Sun & Moon Promos	Single	growth-50	650	980	671.4	2026-08-10	18m +491%, Jun-Aug 0.0%
668172	Special Delivery Charizard	SWSH Black Star Promos	Single	growth-50	544.58	219.99	651.56	2026-08-10	18m +438%, Jun-Aug 66.5%
544686	Eevee GX [Ascension DNA | Boost Dash | Joy Maker GX]	Tag Team GX: Tag All Stars	Single	growth-50	512.5	220	446.18	2026-08-10	18m +390%, Jun-Aug 88.4%
554540	Bruno's Steelix [Headbutt | Rock Smash]	Pokémon Card VS	Single	growth-50	501.03	199.9	315.42	2026-08-10	18m +585%, Jun-Aug 89.1%
783159	Deoxys ex [Form Change | Fastwave]	Gift Box Emerald	Single	growth-50	487.5	79.9	314.76	2026-08-10	18m +400%, Jun-Aug 225.0%
705137	Umbreon VMAX [Dark Signal | Max Darkness]	Play! Pokémon Prize Pack Series Two	Single	growth-50	450	145	510.45	2026-08-10	18m +329%, Jun-Aug 200.0%
571143	Moltres [Fire Immunity | Energy Share | Super Singe]	T Promos	Single	growth-50	419.98	149.99	130.56	2026-08-10	18m +487%, Jun-Aug 93.5%
576933	Pikachu [Hello! | Thunderbolt]	Pikachu World Collection	Single	growth-50	389.99	83	311.24	2026-08-10	18m +412%, Jun-Aug 85.7%
570320	PokéPark's Pikachu [Quick Attack | Thunderbolt]	PokéPark Forest	Single	growth-50	360	950	671.3	2026-08-10	18m +555%, Jun-Aug 0.0%
576930	Pikachu [Hello! | Thunderbolt]	Pikachu World Collection	Single	growth-50	349.99	150	234.04	2026-08-10	18m +410%, Jun-Aug 169.2%
570947	_____'s Groudon [Ancient Sunlight | Rock Smash]	PLAY Promos	Single	growth-50	349.66	195	293.48	2026-08-10	18m +426%, Jun-Aug 66.5%
571154	"Imakuni?'s Exploud ex [Jaw Drop | """"______"""" (←Write the name of a person you like)]"	T Promos	Single	growth-50	287.5	600	158.21	2026-08-10	18m +460%, Jun-Aug -0.2%
548596	Mewtwo [Psy Crush | Super Psy]	Expansion Sheet	Single	growth-50	256.25	79.95	284.34	2026-08-10	18m +542%, Jun-Aug 57.2%
554513	Will's Espeon [Tail Slap | Psybeam]	Pokémon Card VS	Single	growth-50	219.66	95	291.63	2026-08-10	18m +330%, Jun-Aug 49.4%
705113	Gengar V [Dark Slumber | Pain Explosion]	Play! Pokémon Prize Pack Series Two	Single	growth-50	200	129.78	253.77	2026-08-10	18m +458%, Jun-Aug 21.2%
566347	Spiky-eared Pichu [M] Lv.30 [Friend Party]	Movie Commemoration Random Pack	Single	growth-50	199.95	94	161.19	2026-08-10	18m +488%, Jun-Aug 60.0%
588125	Pikachu V [Lightning Blast]		Single	growth-50	192	29	100.15	2026-08-10	18m +431%, Jun-Aug 178.3%
278853	Lucario Lv.41 [Metal Claw | Pulse Blast]	Pokémon Rumble	Single	growth-50	190	110	154.43	2026-08-10	18m +563%, Jun-Aug 61.0%
573476	Pikachu [Agility | Thundershock]	Nintendo Black Star Promos	Single	growth-50	186.67	19.95	174.09	2026-08-10	18m +327%, Jun-Aug 77.8%
654764	Bulbasaur [Sleep Seed | Vine Whip]	Base Expansion Pack	Single	growth-50	177.5	99	100.39	2026-08-10	18m +524%, Jun-Aug 12.3%
561997	Bulbasaur [Lunge | Scratch]	McDonald's Pokémon-e Minimum Pack	Single	growth-50	159.98	124.95	171.02	2026-08-10	18m +570%, Jun-Aug 35.6%
653973	Ditto [Prismatic Body | Copy]	Split Earth	Single	growth-50	150	229.9	91.97	2026-08-10	18m +500%, Jun-Aug 0.0%
449708	Lucario [Vacuum Wave | Fight Alone]	Fates Collide	Single	growth-50	150	170	94.74	2026-08-10	18m +456%, Jun-Aug 0.0%
468929	Pikachu [Tail Whap | Thunder Shock]	Sun & Moon Promos	Single	growth-50	125	109.99	128.93	2026-08-10	18m +525%, Jun-Aug 0.0%
571768	Flying Pikachu [Thundershock | Fly]	Unnumbered Promos	Single	growth-50	113.96	50	80.85	2026-08-10	18m +586%, Jun-Aug 103.5%
705139	Vaporeon VMAX [Bubble Pod | Max Torrent]	Play! Pokémon Prize Pack Series Two	Single	growth-50	112.5	67.99	52.4	2026-08-10	18m +543%, Jun-Aug -0.4%
697134	Umbreon V [Mean Look | Moonlight Blade]	Play! Pokémon Prize Pack Series One	Single	growth-50	111.67	49.95	146	2026-08-10	18m +546%, Jun-Aug 8.4%
571209	Wooper [Tail Whap | Deep Dive]	P Promos	Single	growth-50	109.5	55	201.32	2026-08-10	18m +533%, Jun-Aug 82.5%
480909	Rayquaza [Amazing Burst]	Legendary Heartbeat	Single	growth-50	100.79	34.99	174.24	2026-08-10	18m +536%, Jun-Aug -0.2%
468374	Pikachu [Thunder Wave | Electro Ball]	Sun & Moon Promos	Single	growth-50	100	899.99	60.59	2026-08-10	18m +567%, Jun-Aug 0.0%
548876	Kabuto [Sharp Claws]	Expansion Sheet	Single	growth-50	98.53	55	95.56	2026-08-10	18m +484%, Jun-Aug 24.7%
654771	Charmander [Tail Rap | Flare]	Base Expansion Pack	Single	growth-50	97.5	14.99	43.94	2026-08-10	18m +529%, Jun-Aug 3.7%
654264	Squirtle [Bite | Skull Bash | Intro Pack]	Intro Pack Squirtle	Single	growth-50	97.5	110	147.36	2026-08-10	18m +380%, Jun-Aug 21.9%
549111	20 Damage from Confusion	Expansion Sheet	Single	growth-50	84.95	52.9	82.11	2026-08-10	18m +412%, Jun-Aug 11.8%
561913	MRayquaza EX [Emerald Break]	The Best of XY	Single	growth-50	74.99	70	61.45	2026-08-10	18m +542%, Jun-Aug 15.4%
587082	Rayquaza VMAX [Azure Pulse | Max Burst]		Single	growth-50	71.25	67	97.35	2026-08-10	18m +514%, Jun-Aug 4.8%
561900	MGardevoir EX [Despair Ray]	The Best of XY	Single	growth-50	69.95	29.99	34.12	2026-08-10	18m +577%, Jun-Aug -0.1%
366888	Pikachu & Zekrom GX [Full Blitz | Tag Bolt GX]	Team Up	Single	growth-50	68.78	15	45.34	2026-08-10	18m +517%, Jun-Aug 12.8%
697078	Victini V [Spreading Flames | Energy Burst]	Play! Pokémon Prize Pack Series One	Single	growth-50	64	50	36.48	2026-08-10	18m +457%, Jun-Aug 0.0%
571994	Shadow Lugia [Shadow Storm]	Unnumbered Promos	Single	next-wave-A	299.95	170	187.58	2026-08-10	18m 40% vs market +60%; promo+iconic thesis
275512	Rayquaza ex [Frenzy | Dragon Bind | Twister]	Nintendo Black Star Promos	Single	next-wave-A	299.79	50	294.76	2026-08-10	18m 29% vs market +60%; promo+iconic thesis
570316	Rayquaza [Dragon Dance | Dragon Claw]	PokéPark Blue	Single	next-wave-A	179.99	129.98	101.19	2026-08-10	18m -13% vs market +60%; promo+iconic thesis
570793	Pikachu [Lightning Ball | Thunderbolt]	PCG Promos	Single	next-wave-A	144.9	55	74.87	2026-08-10	18m -1% vs market +60%; promo+iconic thesis
516329	Charizard [Battle Sense | Royal Blaze]	SWSH Black Star Promos	Single	next-wave-A	103.27	70	231.24	2026-08-10	18m -11% vs market +60%; promo+iconic thesis
570313	Lugia [Aeroblast | PCG]	PokéPark Blue	Single	next-wave-A	96.33	60	63.03	2026-08-10	18m -21% vs market +60%; promo+iconic thesis
681792	Lugia V [Read the Wind | Aero Dive]	Sword & Shield Promos	Single	next-wave-A	85	20	56.04	2026-08-10	18m -54% vs market +60%; promo+iconic thesis
676453	Charizard [G] Lv.65 [Flame Jet | Heat Blast]	Charizard SP Half Deck	Single	next-wave-A	57.5	15	48.65	2026-08-10	18m 37% vs market +60%; promo+iconic thesis
299583	Umbreon GX [Strafe | Shadow Bullet | Dark Call GX]	SM Black Star Promos	Single	next-wave-A	54.12	14.99	54.95	2026-08-10	18m 44% vs market +60%; promo+iconic thesis
553868	Poncho-wearing Pikachu [Pika Punch | Outrage?]	XY Promos	Single	next-wave-B	1448.68	5300	3542.94	2026-08-10	18m 50% vs market +60%; promo+iconic thesis
554088	Poncho-wearing Pikachu [Mega Pretend | Spark Rush]	XY Promos	Single	next-wave-B	819.99		2069.94	2026-08-10	18m -41% vs market +60%; promo+iconic thesis
570958	Lugia ex [Wave Veil | Stream Reverse | Psyburn]	PLAY Promos	Single	next-wave-B	649.49	700	529.01	2026-08-10	18m 44% vs market +60%; promo+iconic thesis
469489	Pretend Boss Pikachu - Team Magma [Amibition of the Land? | Pika Punch]	Sun & Moon Promos	Single	next-wave-B	500	1000	444.86	2026-08-10	18m 38% vs market +60%; promo+iconic thesis
765792	Ancient Mew [Psyche]	Unnumbered Promos	Single	next-wave-B	397.5	229	614.92	2026-08-10	18m 26% vs market +60%; promo+iconic thesis
500250	Charizard V [Claw Slash | Fire Spin]	Champion's Path	Single	next-wave-B	254.45	100	225.25	2026-08-10	18m 25% vs market +60%; promo+iconic thesis
280574	Rocket's Mewtwo [Juxtapose | Hypnoblast | Psyburn]	Best of Game Cards Promos	Single	next-wave-B	199		204.21	2026-08-10	18m 0% vs market +60%; promo+iconic thesis
570664	Pikachu δ Delta Species [Thunder Wave | Iron Tail]	PCG Promos	Single	next-wave-B	189.99	780	189.99	2026-08-10	18m 0% vs market +60%; promo+iconic thesis
606473	Lugia [Elemental Blast]	Gold, Silver, to a New World	Single	next-wave-B	178.84	75	175.17	2026-08-10	18m 49% vs market +60%; promo+iconic thesis
500225	Charizard VMAX [Claw Slash | G-Max Wildfire]	Champion's Path	Single	next-wave-B	178.57	95	188.42	2026-08-10	18m 4% vs market +60%; promo+iconic thesis
471659	Mewtwo [Mind Report | Psyshock]	Sun & Moon Promos	Single	next-wave-B	175	199.99	184.48	2026-08-10	18m 3% vs market +60%; promo+iconic thesis
576932	Pikachu [Hello! | Thunderbolt]	Pikachu World Collection	Single	next-wave-B	160	800	169.74	2026-08-10	18m 45% vs market +60%; promo+iconic thesis
362866	Rocket's Mewtwo [Juxtapose | Hypnoblast | Psyburn]	Best of Game Cards Promos	Single	next-wave-B	150		139.57	2026-08-10	18m 25% vs market +60%; promo+iconic thesis
553503	Rayquaza EX [Intensifying Burn | Dragon Pulse]	XY Promos	Single	next-wave-B	129.66	179.99	80.85	2026-08-10	18m 44% vs market +60%; promo+iconic thesis
553818	Okuge-sama and Maiko-han Pikachu [Welcome | Double Voltage]	XY Promos	Single	next-wave-B	129	299.99	482.71	2026-08-10	18m 57% vs market +60%; promo+iconic thesis
275473	Shadow Lugia	Promos	Single	next-wave-B	115	350	137.56	2026-08-10	18m 0% vs market +60%; promo+iconic thesis
697072	Charizard V [Claw Slash | Fire Spin]	Play! Pokémon Prize Pack Series One	Single	next-wave-B	99.99	299	174.44	2026-08-10	18m 59% vs market +60%; promo+iconic thesis
573756	Mew ex [Psychic Vision | Super Psy Bolt | Devo Crush]	Gift Box Mew Lucario	Single	next-wave-B	90	140	138.09	2026-08-10	18m 52% vs market +60%; promo+iconic thesis
572006	Captain Pikachu [Scavenger Hunt | Great Fray!?]	Unnumbered Promos	Single	next-wave-B	85	329.99	85	2026-08-10	18m 0% vs market +60%; promo+iconic thesis
654305	Pikachu [Gnaw | Thunder Jolt]	Intro Pack Neo Totodile	Single	next-wave-B	79.99	125	68.92	2026-08-10	18m 51% vs market +60%; promo+iconic thesis
570953	Umbreon Gold Star [Dark Ray | Feint Attack]	PLAY Promos	Single	next-wave-B	75		75	2026-08-10	18m 0% vs market +60%; promo+iconic thesis
784938	Pikachu [Scrappy Spark]	SV Black Star Promos	Single	next-wave-B	64.95	64.95	87.74	2026-08-10	18m -7% vs market +60%; promo+iconic thesis
567918	Pikachu [Quick Attack]	Everyone's Exciting Battle	Single	next-wave-B	61.27	40	96.6	2026-08-10	18m -6% vs market +60%; promo+iconic thesis
469629	Pikachu [Tail Whap | Thunder Shock]	Sun & Moon Promos	Single	next-wave-B	45	34.94	25.68	2026-08-10	18m 41% vs market +60%; promo+iconic thesis
553495	Pikachu [Thunder Wave | Electric Ring]	XY Promos	Single	next-wave-B	44.95	50	39.96	2026-08-10	18m 28% vs market +60%; promo+iconic thesis
700744	Vivillon [Conversion Powder | Colorful Wind]	XY	Single	screen-cond-spread	80000	4900	1200	2026-08-10	
570788	Mew δ Delta Species [Copy | Extra Draw]	PCG Promos	Single	screen-cond-spread	19999	3500	800	2026-08-10	
571803	_____'s Pikachu [Birthday Surprise]	Unnumbered Promos	Single	screen-cond-spread	8000	2000	575.43	2026-08-10	
275404	Charizard [Crystal Type | Fireblast | Dragon Tail]	Skyridge	Single	screen-cond-spread	6800	475	4526.87	2026-08-10	
275225	Lugia [Crystal Type | Psychic | Steam Blast]	Aquapolis	Single	screen-cond-spread	6115	820	4184.43	2026-08-10	
369095	Latias & Latios GX [Buster Purge | Aero Unit GX]	Team Up	Single	screen-cond-spread	5138.4	335	3208.39	2026-08-10	
277305	Charizard Gold Star δ Delta Species [Rotating Claws | Dark Swirl]	EX Dragon Frontiers	Single	screen-cond-spread	4443.33	599.99	4087.43	2026-08-10	
277306	Mew Gold Star δ Delta Species [Mimicry | Rainbow Wave]	EX Dragon Frontiers	Single	screen-cond-spread	3721.25	350	3747.93	2026-08-10	
276875	Kyogre Gold Star [Critical Collection | Sheer Cold]	EX Delta Species	Single	screen-cond-spread	3700	499.99	1363.53	2026-08-10	
566248	Umbreon VMAX [Dark Signal | Max Darkness]	Eevee Heroes	Single	screen-cond-spread	3416.67	390	1442.3	2026-08-10	
469994	Eevee [Scream]	Sun & Moon Promos	Single	screen-cond-spread	3266.5	700	1868.65	2026-08-10	
274759	Shining Charizard [White-hot Flame]	Neo Destiny	Single	screen-cond-spread	2650	298	1238.68	2026-08-10	
562305	Umbreon [Shadow Drain | Slashing Strike]	BW Promos	Single	screen-cond-spread	2600	300	630.09	2026-08-10	
660224	Charizard [Energy Burn | Fire Spin]	Base Set	Single	screen-cond-spread	2460.4	799	3567.07	2026-08-10	
276876	Metagross Gold Star [Critical Collection | Hyper Beam]	EX Delta Species	Single	screen-cond-spread	2405	300	1303.78	2026-08-10	
574273	Umbreon VMAX [Dark Signal | Max Darkness]	Evolving Skies	Single	screen-cond-spread	2354.76	300	2358.91	2026-08-10	
553723	Poncho-wearing Pikachu [Mega Pretend | Triple Spark]	XY Promos	Single	screen-cond-spread	2195	649.99	1701.11	2026-08-10	
806406	Pikachu [Charge | Pika Punch]	Collect 151	Single	screen-cond-spread	1852	500	1325.6	2026-08-10	
762596	Charizard δ Delta Species [Peal of Thunder | Metal Burn]	Miracle Crystal	Single	screen-cond-spread	1800	200	379.62	2026-08-10	
668229	Giratina V [Abyss Seeking | Shred]	Lost Abyss	Single	screen-cond-spread	1658.33	460	1420.97	2026-08-10	
566412	Pikachu [M] LV.X [Iron Tail | Volt Tackle]	DPt Promos	Single	screen-cond-spread	1500	250	334.66	2026-08-10	
651970	Umbreon [Dark Moon | Shadow Bind]	The Town on No Map	Single	screen-cond-spread	1500	400	812.63	2026-08-10	
275407	Ho-Oh [Crystal Type | Holy Flame | Scalding Steam]	Skyridge	Single	screen-cond-spread	1449	84.9	1174.58	2026-08-10	
276874	Groudon Gold Star [Critical Collection | Ground Slash]	EX Delta Species	Single	screen-cond-spread	1380.4	455	1335.54	2026-08-10	
469599	Cherry Blossom Afro Pikachu [Cherry Blossom Bloom | Pika Bolt]	Sun & Moon Promos	Single	screen-cond-spread	1335	250	703	2026-08-10	
284278	Primal Groudon EX [Gaia Volcano]	Ancient Origins	Single	screen-cond-spread	1273.33	64.99	785.82	2026-08-10	
276759	Entei Gold Star [Burning Turn | Detonation]	EX Unseen Forces	Single	screen-cond-spread	1250	100	870.61	2026-08-10	
660226	Blastoise [Rain Dance | Hydro Pump]	Base Set	Single	screen-cond-spread	1184.5	159.94	967.77	2026-08-10	
277181	Celebi Gold Star [Time Travel | Leaf Shade]	EX Crystal Guardians	Single	screen-cond-spread	1069.14	299.99	1157.33	2026-08-10	
652065	Tyranitar [Destructive Roar | Tail Slap | Gigacrush]	Wind from the Sea	Single	screen-cond-spread	1012.25	120	461.09	2026-08-10	
583024	Gengar VMAX [Fear and Panic | G-Max Swallow Up]	Fusion Strike	Single	screen-cond-spread	976.17	279	803.91	2026-08-10	
571763	Pikachu [Growl | Thundershock]	Unnumbered Promos	Single	screen-cond-spread	974.95	120	145.46	2026-08-10	
674192	Giratina V [Abyss Seeking | Shred]		Single	screen-cond-spread	966.54	300	991.1	2026-08-10	
276967	Regice Gold Star [Ice Barrier | Final Blizzard]	EX Legend Maker	Single	screen-cond-spread	964	300	781.73	2026-08-10	
574276	Rayquaza VMAX [Azure Pulse | Max Burst]	Evolving Skies	Single	screen-cond-spread	962	250	926.4	2026-08-10	
557671	Charizard [Energy Burn | Fire Spin]		Single	screen-cond-spread	897.7	199	894.43	2026-08-10	
302215	Mewtwo GX [Full Burst | Super Absorption | Psystrike GX]	Shining Legends	Single	screen-cond-spread	879.32	145.95	1290.68	2026-08-10	
381243	Charizard GX [Wing Attack | Crimson Storm | Raging Out GX]	Hidden Fates	Single	screen-cond-spread	862.73	200	767.15	2026-08-10	
275237	Gyarados [Flame Vapor | Dragon's Vengeance]	Skyridge	Single	screen-cond-spread	859.58	100	841.37	2026-08-10	
751779	Mew ex [Restart | Genome Hacking]	Paldean Fates	Single	screen-cond-spread	846.08	260	652.75	2026-08-10	
837416	Gengar [Poltergeist | Hollow Dive]	Pokémon Card 151: Additionals	Single	screen-cond-spread	800	93.95	800	2026-08-10	
571802	_____'s Pikachu [Birthday Surprise]	Unnumbered Promos	Single	screen-cond-spread	800	249.99	410.71	2026-08-10	
654019	Moltres [Fire Immunity | Collect Fire | Burning Tail]	Mysterious Mountains	Single	screen-cond-spread	794.5	214.95	354	2026-08-10	
449108	Umbreon & Darkrai GX [Black Lance | Dark Moon GX]	SM Black Star Promos	Single	screen-cond-spread	777.38	65	308.66	2026-08-10	
275403	Celebi [Crystal Type | Empathic Healing | Mind Bend]	Skyridge	Single	screen-cond-spread	776.33	175	1039.36	2026-08-10	
276757	Tyranitar ex [Shatter | Derail | Mix-Up | Losing Control]	EX Unseen Forces	Single	screen-cond-spread	754.55	35	174.73	2026-08-10	
566418	Mewtwo Lv.42 [Hypnoblast | Psychic]	DPt Promos	Single	screen-cond-spread	749.33	30	160.8	2026-08-10	
829092	Victini [V-Force]	Scarlet & Violet Promos	Single	screen-cond-spread	745.6	210	551.4	2026-08-10	
275070	Umbreon [Dark Moon | Shadow Bind]	Aquapolis	Single	screen-cond-spread	725.71	190	1079.14	2026-08-10	
275071	Tyranitar [Destructive Roar | Tail Slap | Gigacrush]	Aquapolis	Single	screen-cond-spread	696.98	35	517.77	2026-08-10	
276751	Lugia ex [Silver Sparkle | Elemental Blast]	EX Unseen Forces	Single	screen-cond-spread	692	100	1054.47	2026-08-10	
279950	Tropical Beach	BW Black Star Promos	Single	screen-cond-spread	690	195	256.13	2026-08-10	
680844	Lugia V [Read the Wind | Aero Dive]		Single	screen-cond-spread	681.5	209.99	693.34	2026-08-10	
275050	Houndoom [Fireworks | Dark Impact]	Aquapolis	Single	screen-cond-spread	651.67	87.99	678.54	2026-08-10	
468589	Pikachu [Tail Whap | Spark]	Sun & Moon Promos	Single	screen-cond-spread	650	200	97.93	2026-08-10	
563023	MAlakazam EX [Zen Force]		Single	screen-cond-spread	649	199	357.6	2026-08-10	
651919	Arcanine [Extreme Speed | Fire Blow]	The Town on No Map	Single	screen-cond-spread	633	149.99	223.39	2026-08-10	
784367	Rayquaza ex [Spiral Growth | Dragon Burst]		Single	screen-cond-spread	625	195	158.39	2026-08-10	
650702	Feraligatr [Major Tsunami | Rending Jaws]	Base Expansion Pack	Single	screen-cond-spread	620	75	338.05	2026-08-10	
650700	Cloyster [Lick | Auto Fire]	Base Expansion Pack	Single	screen-cond-spread	600	44.9	75.06	2026-08-10	
871848	Pokémon Nurse		Single	screen-cond-spread	600	149.9	600	2026-08-10	
567489	Zekrom [Outrage | Bolt Strike]		Single	screen-cond-spread	600	170	140.33	2026-08-10	
583173	Pikachu V [Volt Tackle]	25th Anniversary Golden Box	Single	screen-cond-spread	599.95	99.99	472.68	2026-08-10	
557262	Moltres & Zapdos & Articuno GX [Trinity Burn | Sky Legends GX]		Single	screen-cond-spread	599	180	440.21	2026-08-10	
765058	Umbreon δ Delta Species [Delta Moon | Feint Attack]		Single	screen-cond-spread	566.6	149.9	210.67	2026-08-10	
275405	Crobat [Crystal Type | Poison Flame | Squared Attack]	Skyridge	Single	screen-cond-spread	563.33	59.98	581.18	2026-08-10	
412919	Armored Mewtwo [Psychic Raid]	SM Black Star Promos	Single	screen-cond-spread	554.95	24.99	438.86	2026-08-10	
544676	Togepi & Cleffa & Igglybuff GX [Rolling Panic | Supreme Puff GX]	Tag Team GX: Tag All Stars	Single	screen-cond-spread	552.48	125	336.63	2026-08-10	
563382	Brigette		Single	screen-cond-spread	550	100	528.27	2026-08-10	
563235	Ho-Oh EX [Purifying Fire | Elemental Feather]		Single	screen-cond-spread	542.5	69.9	303.28	2026-08-10	
682234	Lugia V [Read the Wind | Aero Dive]		Single	screen-cond-spread	534.19	169.95	593.85	2026-08-10	
274651	Shining Gyarados [Outrage | Devastate]		Single	screen-cond-spread	530.66	100	685.92	2026-08-10	
279637	Lugia [Linear Attack | Hydro Splash]		Single	screen-cond-spread	529.97	50	547.16	2026-08-10	
555297	Solgaleo & Lunala GX [Cosmic Burn | Light of the Protector GX]		Single	screen-cond-spread	527	124.99	400.16	2026-08-10	
408674	Solgaleo & Lunala GX [Cosmic Burn | Light of the Protector GX]		Single	screen-cond-spread	526.54	95	429.12	2026-08-10	
576936	_____'s Pikachu [Birthday Surprise]	Pikachu World Collection	Single	screen-cond-spread	525	54	187.78	2026-08-10	
372481	Marshadow & Machamp GX [Revenge | Hundred-Blows Impact | Acme of Heroism GX]		Single	screen-cond-spread	521.7	45	303.51	2026-08-10	
288632	Mew [Clairvoyance | Psychic]	XY Black Star Promos	Single	screen-cond-spread	515.33	20	366.07	2026-08-10	
561351	Team Rocket's Mimikyu GX [Mumble | Ghost Claw]		Single	screen-cond-spread	504.67	119.98	293.16	2026-08-10	
450173	Psychic Energy		Single	screen-cond-spread	499.99	100	203.17	2026-08-10	
563122	Flareon EX [Flash Fire | Blaze Ball]		Single	screen-cond-spread	499.9	140	697.58	2026-08-10	
577404	Charizard [Energy Burn | Fire Spin]		Single	screen-cond-spread	487.5	149	408.49	2026-08-10	
562554	Dragonite EX [Pull Up | Hyper Beam]	Expansion Pack 20th Anniversary	Single	screen-cond-spread	487	60	355.58	2026-08-10	
850624	Mega Charizard X ex [Inferno X]		Single	screen-cond-spread	484	155	422.77	2026-08-10	
574247	Umbreon V [Mean Look | Moonlight Blade]	Evolving Skies	Single	screen-cond-spread	483.26	75	324.76	2026-08-10	
275408	Kabutops [Crystal Type | Draining Cut | Triple Cutter]	Skyridge	Single	screen-cond-spread	482	55	770.27	2026-08-10	
276284	Gengar ex [Poltergeist | Prize Count]		Single	screen-cond-spread	479.71	159.9	2195.87	2026-08-10	
563231	Espeon EX [Miraculous Shine | Psyshock]		Single	screen-cond-spread	474.99	149	365.89	2026-08-10	
369086	Magikarp & Wailord GX [Super Splash | Towering Splash GX]	Team Up	Single	screen-cond-spread	473.11	130	729.86	2026-08-10	
557899	Venusaur [Energy Trans | Solarbeam]	Unnumbered Promos	Single	screen-cond-spread	471.99	59	302.35	2026-08-10	
274881	Charizard [Burning Energy | Scorching Whirlwind]		Single	screen-cond-spread	467.38	40	496.85	2026-08-10	
274270	Blaine's Charizard [Roaring Flames | Flame Jet]		Single	screen-cond-spread	458.93	50	337.21	2026-08-10	
280874	Lugia EX [Overflow | Plasma Gale]		Single	screen-cond-spread	456.67	70	356.67	2026-08-10	
369089	Gengar & Mimikyu GX [Poltergeist | Horror House GX]	Team Up	Single	screen-cond-spread	450.82	69	364.85	2026-08-10	
882912	Pichu [Sweet Sleeping Face | Playground]		Single	screen-cond-spread	450	120	63.03	2026-08-10	
707709	Iono		Single	screen-cond-spread	445	99	245.43	2026-08-10	
469974	Yokohama's Pikachu [Waverunner | Electro Ball]	Sun & Moon Promos	Single	screen-cond-spread	441.59	75	426.35	2026-08-10	
275254	Starmie [Energy Burst | Star Back]	Skyridge	Single	screen-cond-spread	441	38	176.55	2026-08-10	
562544	Venusaur EX [Poison Powder | Jungle Hammer]	Expansion Pack 20th Anniversary	Single	screen-cond-spread	440	110	534.7	2026-08-10	
274150	Sabrina's Gengar [Pain Amplifier | Call of the Night]		Single	screen-cond-spread	437.13	110	433.42	2026-08-10	
274768	Charizard [Energy Burn | Fire Spin]		Single	screen-cond-spread	430	85	248.04	2026-08-10	
274652	Shining Magikarp [Gold Scale | Dragon Bond]		Single	screen-cond-spread	427.5	79.99	361.65	2026-08-10	
563135	MGardevoir EX [Brilliant Arrow]		Single	screen-cond-spread	425	100	642.53	2026-08-10	
574250	Dragonite V [Shred | Dragon Gale]	Evolving Skies	Single	screen-cond-spread	414.84	100	408.49	2026-08-10	
274894	Mew [Super Psywave]		Single	screen-cond-spread	412.33	28.8	372.7	2026-08-10	
273699	Charizard [Energy Burn | Fire Spin]	Base Set	Single	screen-cond-spread	402.79	89.95	327.33	2026-08-10	
567910	Victini [V-Flame]	Everyone's Exciting Battle	Single	screen-cond-spread	400	8	63.77	2026-08-10	
563599	Hoopa EX [Scoundrel Ring | Hyperspace Fury]		Single	screen-cond-spread	400	35	99.53	2026-08-10	
281266	Zekrom [Outrage | Bolt Strike]		Single	screen-cond-spread	400	70	264.91	2026-08-10	
561985	Zygarde EX [Land's Pulse | Cell Storm | Land's Wrath]	The Best of XY	Single	screen-cond-spread	400	79.95	192.09	2026-08-10	
563121	Flareon EX [Flash Fire | Blaze Ball]		Single	screen-cond-spread	400	114.99	281.98	2026-08-10	
564157	Korrina		Single	screen-cond-spread	400	119	417.34	2026-08-10	
660214	Raichu [Agility | Thunder]	Base Set	Single	screen-cond-spread	399.9	38.69	259.2	2026-08-10	
275252	Vaporeon [Self-healing | Hypnosplash | Aqua Trick]	Skyridge	Single	screen-cond-spread	399.33	90	511.34	2026-08-10	
299548	Charizard GX [Wing Attack | Crimson Storm | Raging Out GX]		Single	screen-cond-spread	386.03	50	736.31	2026-08-10	
408699	Arceus & Dialga & Palkia GX [Ultimate Ray | Altered Creation GX]		Single	screen-cond-spread	385.66	95	371.97	2026-08-10	
275977	Charizard [Collect Fire | Flame Pillar]		Single	screen-cond-spread	382.5	65	449.25	2026-08-10	
574270	Sylveon VMAX [Precious Touch | Max Harmony]	Evolving Skies	Single	screen-cond-spread	381.09	35.99	353.18	2026-08-10	
276748	Espeon ex [Devo Flash | Snap Tail | Psyloop]	EX Unseen Forces	Single	screen-cond-spread	380.83	60	351.09	2026-08-10	
362873	Dark Raichu [Surprise Thunder]		Single	screen-cond-spread	380	80	124.43	2026-08-10	
282517	Team Aqua's Kyogre EX [Power Saver | Aqua Impact]		Single	screen-cond-spread	379.33	73.99	429.17	2026-08-10	
275227	Arcanine [Energy Recharge | Shake | White Flames]	Skyridge	Single	screen-cond-spread	375.56	40	331.57	2026-08-10	
566542	Explosive Birth Lugia [Hyper Beam | Aeroblast]	10th Movie Commemoration Set	Single	screen-cond-spread	373.3	54	225.76	2026-08-10	
276280	Blastoise ex [Energy Rain | Hyper Whirlpool]		Single	screen-cond-spread	367.5	35	248.8	2026-08-10	
281929	Dialga EX [Chrono Wind | Full Metal Impact]		Single	screen-cond-spread	364.97	65	532.08	2026-08-10	
671276	Gyarados [Dragon Rage | Bubblebeam]		Single	screen-cond-spread	362.5	55	183.9	2026-08-10	
274895	Mewtwo [Hypnosis | Psychic]		Single	screen-cond-spread	361.24	18.5	283.53	2026-08-10	
562677	Volcanion EX [Steam Up | Volcanic Heat]		Single	screen-cond-spread	350	45	129.2	2026-08-10	
388917	Mega Sableye & Tyranitar GX [Greedy Crush | Gigafall GX]		Single	screen-cond-spread	344.85	30	425.68	2026-08-10	
567309	Blaziken VMAX [Clutch | Max Blaze]		Single	screen-cond-spread	341.82	75	272.79	2026-08-10	
650711	Machamp [Terraforming | Iron Fist]	Base Expansion Pack	Single	screen-cond-spread	340	30	132.61	2026-08-10	
554576	Rocket's Raikou [Rising Thunder]	Pokémon Card VS	Single	screen-cond-spread	340	59.99	373.63	2026-08-10	
660212	Zapdos [Thunder | Thunderbolt]	Base Set	Single	screen-cond-spread	339.98	70	137.94	2026-08-10	
560494	Ice Rider Calyrex VMAX [Ride of the High King | Max Lance]		Single	screen-cond-spread	339	49.99	173.67	2026-08-10	
275258	Articuno [Water Immunity | Freeze Solid | Ice Cyclone]	Skyridge	Single	screen-cond-spread	333.33	83	325.43	2026-08-10	
563229	MGyarados EX [Blast Geyser]		Single	screen-cond-spread	332.45	80	205.14	2026-08-10	
583020	Espeon VMAX [Solar Revelation | Max Mindstorm]	Fusion Strike	Single	screen-cond-spread	328.32	85	260.88	2026-08-10	
567830	Latias EX [Bright Down | Barrier Break]		Single	screen-cond-spread	325	79.94	174.93	2026-08-10	
660217	Nidoking [Thrash | Toxic]	Base Set	Single	screen-cond-spread	323.31	50	195.9	2026-08-10	
275974	Rayquaza ex [Spiral Growth | Dragon Burst]		Single	screen-cond-spread	322.52	45	285.37	2026-08-10	
274762	Shining Noctowl [Flashing Eyes]	Neo Destiny	Single	screen-cond-spread	320.66	95	379.02	2026-08-10	
571828	Zapdos [Lightning Burn]	Unnumbered Promos	Single	screen-cond-spread	320.4	30	182.42	2026-08-10	
280432	Kyogre EX [Smash Turn | Dual Splash]		Single	screen-cond-spread	320	29	84.12	2026-08-10	
571233	Entei [Link Up | Flamethrower]	P Promos	Single	screen-cond-spread	320	75	146.11	2026-08-10	
562551	Mewtwo EX [Energy Absorption | Regeneration | Psyburn]	Expansion Pack 20th Anniversary	Single	screen-cond-spread	319	50	595.39	2026-08-10	
570224	Sky-Splitting Deoxys [Forme Change | Ozone Hole]		Single	screen-cond-spread	318.14	48	556.26	2026-08-10	
583019	Mew VMAX [Cross Fusion Strike | Max Miracle]	Fusion Strike	Single	screen-cond-spread	314.72	50	267.57	2026-08-10	
276763	Celebi ex [Spiral Leaf | Time Trap]	EX Unseen Forces	Single	screen-cond-spread	313.5	65	286.91	2026-08-10	
566238	Umbreon V [Mean Look | Moonlight Blade]	Eevee Heroes	Single	screen-cond-spread	307.49	84.9	287.78	2026-08-10	
567620	Reshiram [Outrage | Blue Flare]		Single	screen-cond-spread	303.73	75	341.69	2026-08-10	
560153	Lusamine	GX Battle Boost	Single	screen-cond-spread	300	88	304.08	2026-08-10	
560367	Gladion		Single	screen-cond-spread	299.99	30	111.47	2026-08-10	
275512	Rayquaza ex [Frenzy | Dragon Bind | Twister]	Nintendo Black Star Promos	Single	screen-cond-spread	299.79	50	294.76	2026-08-10	
275230	Moltres [Fire Immunity | Collect Fire | Burning Tail]	Skyridge	Single	screen-cond-spread	299.04	29.99	223.77	2026-08-10	
275056	Kingdra [Water Cyclone | Rapids]	Aquapolis	Single	screen-cond-spread	294.5	12	156.26	2026-08-10	
367141	Gengar & Mimikyu GX [Poltergeist | Horror House GX]	Team Up	Single	screen-cond-spread	293.07	40	338.52	2026-08-10	
692234	Miraidon [Sharp Fang | Lightning Laser]	SV Black Star Promos	Single	screen-cond-spread	290	90	147.62	2026-08-10	
274888	Gengar [Chaos Move | Hide in Shadows]		Single	screen-cond-spread	286.39	70	306.47	2026-08-10	
282526	Team Magma's Groudon EX [Power Saver | Magma Quake]		Single	screen-cond-spread	286.25	60	320.56	2026-08-10	
654307	Mareep [Thunder Jolt]	Intro Pack Neo Totodile	Single	screen-cond-spread	284.44	14.99	6.04	2026-08-10	
654056	Magcargo [Streaming Mantle | Crushing Lava]	Mysterious Mountains	Single	screen-cond-spread	280	29.99	106.54	2026-08-10	
652017	Ninetales [Miracle Tail | Roasting Heat]	Wind from the Sea	Single	screen-cond-spread	280	90	116.56	2026-08-10	
274656	Dark Espeon [Gouge | Psysplash]	Neo Destiny	Single	screen-cond-spread	279.44	35	217.68	2026-08-10	
574263	Leafeon VMAX [Grass Knot | Max Leaf]	Evolving Skies	Single	screen-cond-spread	275.61	75	286.17	2026-08-10	
274904	Tyranitar [Dark Aura | Stamp]		Single	screen-cond-spread	274.14	10	335.87	2026-08-10	
698830	Mew Lv.40 [Psychic Balance | Re-creation]		Single	screen-cond-spread	272.97	69.95	72.66	2026-08-10	
719658	Mew ex [Restart | Genome Hacking]		Single	screen-cond-spread	272.28	80	200.23	2026-08-10	
608700	Charizard V [Incinerate | Heat Blast]		Single	screen-cond-spread	271.7	90	284.45	2026-08-10	
275041	Arcanine [Extreme Speed | Fire Blow]	Aquapolis	Single	screen-cond-spread	271.44	29	259.78	2026-08-10	
724990	Charizard ex [Infernal Reign | Burning Darkness]		Single	screen-cond-spread	268.71	89	258.41	2026-08-10	
280562	Rayquaza EX [Celestial Roar | Dragon Burst]		Single	screen-cond-spread	266.99	25	231.18	2026-08-10	
372483	Greninja & Zoroark GX [Dark Pulse | Dark Union GX]		Single	screen-cond-spread	266.43	50	267.59	2026-08-10	
660169	Pikachu [Gnaw | Thunder Jolt]	Base Set	Single	screen-cond-spread	262.5	9.9	162.37	2026-08-10	
282773	MRayquaza EX [Emerald Break]		Single	screen-cond-spread	260.83	60	336.19	2026-08-10	
669039	Umbreon [Moonlight Fang | Quick Blow]		Single	screen-cond-spread	260	50	184.05	2026-08-10	
806407	Eevee [Boosted Evolution | Reckless Charge]	SV Black Star Promos	Single	screen-cond-spread	256.75	79.9	217.98	2026-08-10	
552629	Galarian Moltres V [Direflame Wings | Aura Burn]		Single	screen-cond-spread	255.5	74.95	286.81	2026-08-10	
695790	Miraidon [Sharp Fang | Lightning Laser]	Scarlet & Violet Promos	Single	screen-cond-spread	249.99	77.77	113.04	2026-08-10	
274879	Blastoise [Jet Stream | Energy Cannon]		Single	screen-cond-spread	244.16	10	206.69	2026-08-10	
368851	Charizard [Roaring Resolve | Continuous Blaze Ball]	SM Black Star Promos	Single	screen-cond-spread	242.25	79.98	187.16	2026-08-10	
669024	Espeon [Solar Suggestion | Psybeam]		Single	screen-cond-spread	241.33	14.95	163.37	2026-08-10	
557685	Gyarados [Dragon Rage | Bubblebeam]		Single	screen-cond-spread	239.22	6.25	182.9	2026-08-10	
278969	Gengar LV.X [Level-Down | Compound Pain]		Single	screen-cond-spread	239.12	30	240.96	2026-08-10	
276505	Rayquaza ex [Dragon Boost | Spiral Blast]		Single	screen-cond-spread	236.66	33	192.01	2026-08-10	
650712	Golem [Rock Body | Rock Tumble]	Base Expansion Pack	Single	screen-cond-spread	236	45	102.39	2026-08-10	
571810	Dragonite [Healing Wind | Slam]	Unnumbered Promos	Single	screen-cond-spread	235.16	50	218.73	2026-08-10	
671798	Champions Festival [Duckboat]	SWSH Black Star Promos	Single	screen-cond-spread	233.39	30	200.08	2026-08-10	
525400	Kanazawa's Pikachu [New Open | Pika Stroll]	Sword & Shield Promos	Single	screen-cond-spread	233.07	60	160.66	2026-08-10	
567285	Galarian Moltres V [Direflame Wings | Aura Burn]		Single	screen-cond-spread	231.21	40	218.16	2026-08-10	
389002	Mewtwo & Mew GX [Perfection | Miraculous Duo GX]		Single	screen-cond-spread	230.16	32	337.88	2026-08-10	
274272	Erika's Venusaur [Growth | Wide Solarbeam]		Single	screen-cond-spread	228.76	36.9	201.1	2026-08-10	
566197	Lost Remover		Single	screen-cond-spread	228.5	64.99	181.81	2026-08-10	
275248	Dewgong [Freeze Lock | Crushing Ice]	Skyridge	Single	screen-cond-spread	225	25	156.59	2026-08-10	
279339	Umbreon [Cloud-Covered Moon | Evoblast | Prime]		Single	screen-cond-spread	222.26	12	281.35	2026-08-10	
275432	Venusaur [Solar Power | Mega Drain]	Wizards Black Star Promos	Single	screen-cond-spread	220.83	40	161.88	2026-08-10	
549061	Machoke [Wicked Jab | Focus Blast]	Expansion Sheet	Single	screen-cond-spread	220.47	39.99	137.94	2026-08-10	
668855	Kyogre & Groudon LEGEND [Top]	Clash at the Summit	Single	screen-cond-spread	220	50	155.69	2026-08-10	
690366	Arcanine [Sun-Drenched Tackle | Illustration Contest 2022]	SWSH Black Star Promos	Single	screen-cond-spread	219.95	60	92.06	2026-08-10	
284275	Lugia EX [Aero Ball | Deep Hurricane]	Ancient Origins	Single	screen-cond-spread	219.9	50	280.82	2026-08-10	
280990	Latias EX [Bright Down | Barrier Break]		Single	screen-cond-spread	219.65	15	148.47	2026-08-10	
388892	Raichu & Alolan Raichu GX [Tandem Shock | Lightning Ride GX]		Single	screen-cond-spread	217.99	49.49	220.12	2026-08-10	
274592	Entei [Howl | Searing Flames]		Single	screen-cond-spread	217.5	19.99	149.54	2026-08-10	
286410	Mewtwo EX [Shatter Shot | Damage Change]		Single	screen-cond-spread	217.32	40	241.27	2026-08-10	
281148	Mew EX [Versatile | Replace]		Single	screen-cond-spread	217.22	50	251.91	2026-08-10	
652024	Tentacruel [Strange Tentacles | Poison Sting]	Wind from the Sea	Single	screen-cond-spread	215.5	36	79.77	2026-08-10	
563027	Kingdra EX [Big Storm | Dragon Trail]		Single	screen-cond-spread	215	30	140.27	2026-08-10	
274282	Rocket's Mewtwo [Juxtapose | Hypnoblast | Psyburn]		Single	screen-cond-spread	213.62	66	149.39	2026-08-10	
569795	Terrakion [Retaliate | Land Crush]		Single	screen-cond-spread	212.48	19	35.65	2026-08-10	
563825	Wailord EX [Water Veil | High Breaching]		Single	screen-cond-spread	211.3	24.95	151.17	2026-08-10	
288539	Gardevoir EX [Life Leap | Shining Wind]		Single	screen-cond-spread	208.9	15	291.59	2026-08-10	
279639	Deoxys [Cell Storm]		Single	screen-cond-spread	208.74	37.99	189.18	2026-08-10	
397959	Lucario & Melmetal GX [Steel Fist | Heavy Impact | Full Metal Wall GX]	SM Black Star Promos	Single	screen-cond-spread	206.09	20	148.59	2026-08-10	
275249	Flareon [Self-healing | Singe | Burn Booster]	Skyridge	Single	screen-cond-spread	204.79	59.99	275.58	2026-08-10	
286409	Mewtwo EX [Photon Wave | Psyburn]		Single	screen-cond-spread	204.57	59.95	439.37	2026-08-10	
279665	Umbreon [Moonlight Fang | Quick Blow]		Single	screen-cond-spread	204.15	12	119.17	2026-08-10	
562545	MVenusaur EX [Crisis Vine]	Expansion Pack 20th Anniversary	Single	screen-cond-spread	204	50	284.2	2026-08-10	
408669	Blastoise & Piplup GX [Splash Maker | Bubble Launcher GX]		Single	screen-cond-spread	200.1	50	289.77	2026-08-10	
652008	Exeggutor [Super Eggsplosion | Called Shot]	Wind from the Sea	Single	screen-cond-spread	200	16.85	80.69	2026-08-10	
761862	Latios ex δ Delta Species [Link Wing | Ice Crush | Hydro Splash]		Single	screen-cond-spread	199.99	59.99	130.31	2026-08-10	
571769	Dark Persian [Tempt | Poison Claws]	Unnumbered Promos	Single	screen-cond-spread	199.9	39.99	61.41	2026-08-10	
761853	Latias ex δ Delta Species [Fellow Boost | Power Crush]		Single	screen-cond-spread	199.9	40	90.89	2026-08-10	
784239	Jolteon [Double Kick | Lightning Strike]		Single	screen-cond-spread	199.45	19.99	98.91	2026-08-10	
281120	Dialga EX [Reverse Edge | Fast Forward]		Single	screen-cond-spread	199	39.99	151.95	2026-08-10	
293003	Pikachu EX [Iron Tail | Overspark]	XY Black Star Promos	Single	screen-cond-spread	197.82	30	122.93	2026-08-10	
273681	Groudon EX [Rip Claw | Massive Rend]		Single	screen-cond-spread	197.66	30	181.99	2026-08-10	
369099	Erika's Hospitality	Team Up	Single	screen-cond-spread	196.5	22.9	114.42	2026-08-10	
274884	Dragonite [Tailwind | Dragon Tail]		Single	screen-cond-spread	194.68	35	157.82	2026-08-10	
783677	Articuno ex [Legendary Ascent | Cold Crush]		Single	screen-cond-spread	194.5	49.95	211.4	2026-08-10	
397964	Garchomp & Giratina GX [Linear Attack | Calamitous Slash | GG End GX]	SM Black Star Promos	Single	screen-cond-spread	194.19	44.89	226.97	2026-08-10	
277085	Charizard δ Delta Species [Peal of Thunder | Metal Burn]	EX Crystal Guardians	Single	screen-cond-spread	191.94	40	131.31	2026-08-10	
274056	Dark Blastoise [Hydrocannon | Rocket Tackle]		Single	screen-cond-spread	190.9	25	154.56	2026-08-10	
651944	Hypno [Sleep Pendulum | Spiral Aura]	The Town on No Map	Single	screen-cond-spread	189.99	45	163.79	2026-08-10	
279633	Palkia [Wormhole]		Single	screen-cond-spread	189	14.89	157.18	2026-08-10	
362170	Rayquaza GX [Stormy Winds | Dragon Break | Tempest GX]		Single	screen-cond-spread	188.33	40	387.39	2026-08-10	
582987	Mew V [Energy Mix | Psychic Leap]	Fusion Strike	Single	screen-cond-spread	188.02	40	181.94	2026-08-10	
605408	Koga's Ninja Trick		Single	screen-cond-spread	187.75	35	219.39	2026-08-10	
276392	Rocket's Moltres ex [Dark Lift | Fire Dance | Combustion]	EX Team Rocket Returns	Single	screen-cond-spread	187.5	60	129.27	2026-08-10	
275257	Rhydon [Stomp | Giant Tail]	Skyridge	Single	screen-cond-spread	186.66	25	201.7	2026-08-10	
650699	Poliwrath [Plunge | Water Punch]	Base Expansion Pack	Single	screen-cond-spread	185.5	50	106.34	2026-08-10	
569308	Archeops [Ancient Power | Rock Slide]		Single	screen-cond-spread	185	45	135.08	2026-08-10	
274297	Sabrina's Gengar [Dark Wave | Shadow Bind]		Single	screen-cond-spread	184.77	59.99	203.83	2026-08-10	
560215	Shining Rayquaza [Dragon Pulse | Sky Judgment]		Single	screen-cond-spread	180.23	38	130.27	2026-08-10	
316072	Cynthia		Single	screen-cond-spread	180	40	111.57	2026-08-10	
363549	Ultra Necrozma GX [Photon Geyser | Sky-Scorching Light GX]		Single	screen-cond-spread	178.94	38	130.05	2026-08-10	
584728	Gengar [Curse | Dark Mind]		Single	screen-cond-spread	178.27	50	127.75	2026-08-10	
281139	Reshiram [Outrage | Blue Flare]		Single	screen-cond-spread	178.06	49.99	217.79	2026-08-10	
275268	Gengar [Manipulate | Hydrokinesis]	Skyridge	Single	screen-cond-spread	176.5	49.9	116.06	2026-08-10	
361401	Lisia		Single	screen-cond-spread	174.98	32	127.22	2026-08-10	
279642	Ho-Oh [Combustion | Scorching Wing]		Single	screen-cond-spread	174.95	25	257.31	2026-08-10	
560376	Celebi [Time Call | Leech Seed]		Single	screen-cond-spread	174.41	45	98.79	2026-08-10	
369106	Sabrina's Suggestion	Team Up	Single	screen-cond-spread	173.98	34.9	135.53	2026-08-10	
365860	Lugia GX [Psychic | Pelagic Blade | Lost Purge GX]		Single	screen-cond-spread	173.71	40	261.52	2026-08-10	
275967	Dragonite ex [Call for Power | Dragon Wave | Giant Tail]		Single	screen-cond-spread	173.33	18	138.03	2026-08-10	
554485	Janine's Shuckle [Headbutt | Sludge]	Pokémon Card VS	Single	screen-cond-spread	172	40	172.55	2026-08-10	
408744	Lillie's Full Force		Single	screen-cond-spread	171.28	49.9	121.03	2026-08-10	
660227	Alakazam [Damage Swap | Confuse Ray]	Base Set	Single	screen-cond-spread	170	45	262.05	2026-08-10	
276775	Mewtwo δ Delta Species [Delta Switch | Energy Burst]	EX Delta Species	Single	screen-cond-spread	167.76	12	142.74	2026-08-10	
274599	Raikou [Lightning Burst | Lightning Tackle]		Single	screen-cond-spread	166.98	14	128.95	2026-08-10	
288298	Gyarados EX [Stormy Seas | Splash Burn]		Single	screen-cond-spread	166.8	28	131.61	2026-08-10	
279334	Espeon [Evolution Memories | Solar Ray | Prime]		Single	screen-cond-spread	164.66	20	143.11	2026-08-10	
276750	Ho-oh ex [Golden Wing | Rainbow Burn]	EX Unseen Forces	Single	screen-cond-spread	164	25	163.65	2026-08-10	
279663	Rayquaza [Inferno Spear]		Single	screen-cond-spread	163.98	5	77.06	2026-08-10	
450883	Rayquaza GX [Stormy Winds | Dragon Break | Tempest GX]		Single	screen-cond-spread	161.81	38	173.47	2026-08-10	
276290	Articuno ex [Legendary Ascent | Cold Crush]		Single	screen-cond-spread	161.75	28.98	137.79	2026-08-10	
765009	Tyranitar δ Delta Species [Crush Draw | Delta Crush]		Single	screen-cond-spread	161.67	14.5	118.96	2026-08-10	
369116	Eevee & Snorlax GX [Cheer Up | Dump Truck Press | Megaton Friends GX]	Team Up	Single	screen-cond-spread	161.25	19.9	159.17	2026-08-10	
563447	Giovanni's Scheme		Single	screen-cond-spread	160	19	130.29	2026-08-10	
576184	Mew V [Energy Mix | Psychic Leap]		Single	screen-cond-spread	160	27.99	158.8	2026-08-10	
558487	Pikachu & Zekrom GX [Full Blitz | Tag Bolt GX]		Single	screen-cond-spread	159.99	40	163.56	2026-08-10	
275253	Xatu [Synchronicity | Warp Hole]	Skyridge	Single	screen-cond-spread	158.75	25.99	135.96	2026-08-10	
276965	Mew ex [Versatile | Power Move]	EX Legend Maker	Single	screen-cond-spread	158.44	20	113.74	2026-08-10	
583205	Flareon VMAX [Max Detonate]	SWSH Black Star Promos	Single	screen-cond-spread	155.4	29.99	90.19	2026-08-10	
280998	Garchomp [Mach Cut | Dragonblade]		Single	screen-cond-spread	155	35	171.5	2026-08-10	
302193	Shining Rayquaza [Dragon Pulse | Sky Judgment]	Shining Legends	Single	screen-cond-spread	154.87	24	171.47	2026-08-10	
650701	Kingler [Bubble | Giant Claw]	Base Expansion Pack	Single	screen-cond-spread	154.63	15	89.05	2026-08-10	
277177	Sceptile ex δ Delta Species [Extra Liquid | Power Revenge]	EX Crystal Guardians	Single	screen-cond-spread	153.33	25	132.29	2026-08-10	
279250	Suicune & Entei LEGEND [Top]		Single	screen-cond-spread	150.5	9.9	118.18	2026-08-10	
557683	Blastoise [Rain Dance | Hydro Pump]		Single	screen-cond-spread	150.13	30	108.87	2026-08-10	
650697	Magby [Energy Catch]	Base Expansion Pack	Single	screen-cond-spread	150	24	113.97	2026-08-10	
553993	Karen	XY Promos	Single	screen-cond-spread	150	24.99	30.16	2026-08-10	
278837	Rayquaza [C] LV.X [Dragon Spirit | Final Blowup]		Single	screen-cond-spread	148.39	10	143.19	2026-08-10	
276511	Rocket's Raikou ex [Lightning Burst | Thunderous Blow]		Single	screen-cond-spread	148.11	19.99	179.45	2026-08-10	
274593	Ho-Oh [Stoke | Sacred Fire | Dive Bomb]		Single	screen-cond-spread	147.93	25	118.83	2026-08-10	
369467	Celebi & Venusaur GX [Pollen Hazard | Solar Beam | Evergreen GX]	SM Black Star Promos	Single	screen-cond-spread	147.82	25	159.53	2026-08-10	
369109	Pikachu & Zekrom GX [Full Blitz | Tag Bolt GX]	Team Up	Single	screen-cond-spread	147.5	20	158.07	2026-08-10	
293463	MCharizard EX [Crimson Dive]		Single	screen-cond-spread	146.09	20	135.24	2026-08-10	
606710	Celebi [Time Travel | Psychic Damage]		Single	screen-cond-spread	145.74	25	115.09	2026-08-10	
274600	Suicune [Crystal Body | Aurora Wave]		Single	screen-cond-spread	145.32	20	189.11	2026-08-10	
560216	Shining Lugia [Argent Wing | Aero Force]		Single	screen-cond-spread	144.48	25	134.06	2026-08-10	
279658	Lugia [Linear Attack | Hydro Splash]		Single	screen-cond-spread	143.9	4	91.81	2026-08-10	
278292	Mesprit LV.X [Healing Look | Supreme Blast]		Single	screen-cond-spread	143.33	14.49	103.16	2026-08-10	
650710	Dugtrio [Mud Slap | Magnitude]	Base Expansion Pack	Single	screen-cond-spread	143.24	19.99	62.12	2026-08-10	
560217	Shining Arceus [Fabled Defense | Ultimate Arrow]		Single	screen-cond-spread	142.5	11.9	74.57	2026-08-10	
278149	Porygon-Z LV.X [Mode Crash | Decode]		Single	screen-cond-spread	142.28	11.95	98.92	2026-08-10	
274594	Houndoom [Dark Flame | Black Fang]		Single	screen-cond-spread	141	12.99	170.19	2026-08-10	
369094	Latias & Latios GX [Buster Purge | Aero Unit GX]	Team Up	Single	screen-cond-spread	140.57	12	135.82	2026-08-10	
606599	Moltres [Inferno Wings]	SWSH Black Star Promos	Single	screen-cond-spread	138.06	14	115.11	2026-08-10	
278290	Gliscor LV.X [Shoot Poison | Night Slash]		Single	screen-cond-spread	133.75	9	67.84	2026-08-10	
280431	Entei EX [Fire Fang | Grand Flame]		Single	screen-cond-spread	132.5	12.94	86.37	2026-08-10	
275970	Latias ex [Hypnoblast | Mist Ball]		Single	screen-cond-spread	130.56	8	107.17	2026-08-10	
571987	Victory Ring	Unnumbered Promos	Single	screen-flip	9000	5500	9000	2026-08-10	
277074	Pikachu Gold Star [Thundershock | Spring Back]		Single	screen-flip	3424.5	1500	2488.96	2026-08-10	
469994	Eevee [Scream]	Sun & Moon Promos	Single	screen-flip	3266.5	700	1868.65	2026-08-10	
829971	Pikachu [Charge | Pika Punch]	Collect 151	Single	screen-flip	2535.42	1650	2736.92	2026-08-10	
765288	Regirock Gold Star [Dig Drain | Final Blast]		Single	screen-flip	1650	699.99	1650	2026-08-10	
805555	Umbreon ex [Moon Mirage | Onyx]		Single	screen-flip	1371.16	650	1304.3	2026-08-10	
277073	Mewtwo Gold Star [Energy Absorption | Psychic Star]		Single	screen-flip	1225	799.99	1446.47	2026-08-10	
277406	Flareon Gold Star [Crimson Ray | Flamethrower]		Single	screen-flip	1200	449.99	1054.76	2026-08-10	
276760	Raikou Gold Star [Lightning Turn | Meta Voltage]	EX Unseen Forces	Single	screen-flip	1149.99	500	924.29	2026-08-10	
869888	Pikachu ex [Thunderbolt]		Single	screen-flip	1055.68	450	960.68	2026-08-10	
275255	Umbreon [Dark Gaze | Sharp Claws]	Skyridge	Single	screen-flip	1040	599.9	1743.24	2026-08-10	
583024	Gengar VMAX [Fear and Panic | G-Max Swallow Up]	Fusion Strike	Single	screen-flip	976.17	279	803.91	2026-08-10	
674192	Giratina V [Abyss Seeking | Shred]		Single	screen-flip	966.54	300	991.1	2026-08-10	
276967	Regice Gold Star [Ice Barrier | Final Blizzard]	EX Legend Maker	Single	screen-flip	964	300	781.73	2026-08-10	
276761	Suicune Gold Star [Splashing Turn | Cross Wind]	EX Unseen Forces	Single	screen-flip	950	375	1098.07	2026-08-10	
869895	Mega Gengar ex [Shadowy Concealment | Void Gale]		Single	screen-flip	937.52	400	1140.79	2026-08-10	
857700	Mega Charizard X ex [Inferno X]		Single	screen-flip	931.77	350	1045.1	2026-08-10	
735302	Pikachu with Grey Felt Hat [Pika-Portrait]	SV Black Star Promos	Single	screen-flip	889.76	565	1124.22	2026-08-10	
277407	Jolteon Gold Star [Yellow Ray | Agility]		Single	screen-flip	888.33	438	809.88	2026-08-10	
277408	Vaporeon Gold Star [Blue Ray | Whirlpool]		Single	screen-flip	763.99	400	696.89	2026-08-10	
571924	Lugia [Aeroblast | UNP]	Unnumbered Promos	Single	screen-flip	750	350	1138.33	2026-08-10	
829092	Victini [V-Force]	Scarlet & Violet Promos	Single	screen-flip	745.6	210	551.4	2026-08-10	
672087	Champions Festival [Duckboat]	SWSH Black Star Promos	Single	screen-flip	733.32	275	550.39	2026-08-10	
276969	Registeel Gold Star [Barrier Attack | Final Laser]	EX Legend Maker	Single	screen-flip	700	350	837.27	2026-08-10	
680844	Lugia V [Read the Wind | Aero Dive]		Single	screen-flip	681.5	209.99	693.34	2026-08-10	
850618	Mega Charizard X ex [Inferno X]		Single	screen-flip	648.87	315	788.68	2026-08-10	
826105	Team Rocket's Mewtwo ex [Power Saver | Erasure Ball]		Single	screen-flip	636.37	340	533.54	2026-08-10	
747701	Mew ex [Restart | Genome Hacking]		Single	screen-flip	631.01	350	553.09	2026-08-10	
276968	Regirock Gold Star [Dig Drain | Final Blast]	EX Legend Maker	Single	screen-flip	611.67	399	684.04	2026-08-10	
900143	Mega Rayquaza ex [Roar of the Ruler | Storm Emeralda]		Single	screen-flip	599.99	420	650.16	2026-08-10	
274765	Shining Tyranitar [Mountain Crush | Destructive Fire]	Neo Destiny	Single	screen-flip	575.63	199	525.79	2026-08-10	
555297	Solgaleo & Lunala GX [Cosmic Burn | Light of the Protector GX]		Single	screen-flip	527	124.99	400.16	2026-08-10	
861483	Mega Gengar ex [Shadowy Concealment | Void Gale]		Single	screen-flip	509.34	220	399.77	2026-08-10	
563726	Team Aqua's Kyogre EX [Power Saver | Aqua Impact]		Single	screen-flip	489.58	199.9	589.96	2026-08-10	
577404	Charizard [Energy Burn | Fire Spin]		Single	screen-flip	487.5	149	408.49	2026-08-10	
605358	Sabrina's Gengar [Pain Amplifier | Call of the Night]		Single	screen-flip	484.15	300	647.33	2026-08-10	
850624	Mega Charizard X ex [Inferno X]		Single	screen-flip	484	155	422.77	2026-08-10	
574252	Rayquaza V [Dragon Pulse | Spiral Burst]	Evolving Skies	Single	screen-flip	480.75	189.89	389.35	2026-08-10	
709552	Victory Medal	Unnumbered Promos	Single	screen-flip	465	250	395.72	2026-08-10	
869901	Mega Dragonite ex [Sky Transport | Ryuno Glide]		Single	screen-flip	455.37	210	443.55	2026-08-10	
707709	Iono		Single	screen-flip	445	99	245.43	2026-08-10	
274768	Charizard [Energy Burn | Fire Spin]		Single	screen-flip	430	85	248.04	2026-08-10	
577415	Umbreon Gold Star [Dark Ray | Feint Attack]		Single	screen-flip	425.64	150	408.7	2026-08-10	
719832	Pikachu ex [Pika Punch | Dynamic Bolt]		Single	screen-flip	421.84	229.95	471.97	2026-08-10	
877384	Mega Greninja ex [Mortal Shuriken | Ninja Spinner]		Single	screen-flip	419.99	200	410.77	2026-08-10	
783417	Rocket's Mewtwo ex [Darkness Switch | Hypnoblast | Psyburn]	Rocket Gang Strikes Back	Single	screen-flip	419.99	219.99	352.83	2026-08-10	
836245	Victini [V-Force]		Single	screen-flip	419.64	289	530.59	2026-08-10	
803330	Umbreon ex [Moon Mirage | Onyx]		Single	screen-flip	417.98	200	378.79	2026-08-10	
836227	Reshiram ex [Slash | Blazing Burst]		Single	screen-flip	413.88	230	474.53	2026-08-10	
563599	Hoopa EX [Scoundrel Ring | Hyperspace Fury]		Single	screen-flip	400	35	99.53	2026-08-10	
553487	Pikachu [Let's Eat Together | Quick Attack]	XY Promos	Single	screen-flip	399.99	349.99	682.65	2026-08-10	
571120	Alto Mare's Latias [Synchro Barrier | Hypnoblast]		Single	screen-flip	399.99	340	631.13	2026-08-10	
765792	Ancient Mew [Psyche]	Unnumbered Promos	Single	screen-flip	397.5	229	614.92	2026-08-10	
733794	Charizard ex [Brave Wing | Explosive Vortex]		Single	screen-flip	393.05	230	415.37	2026-08-10	
836246	Zekrom ex [Slash | Voltage Burst]		Single	screen-flip	382.42	229.99	460.93	2026-08-10	
275594	Tropical Tidal Wave		Single	screen-flip	372.47	165	329.78	2026-08-10	
691949	Giratina VSTAR [Lost Impact | Star Requiem]		Single	screen-flip	368.84	160	335.57	2026-08-10	
821957	Team Rocket's Mewtwo ex [Power Saver | Erasure Ball]		Single	screen-flip	360.1	160	277.86	2026-08-10	
744594	Charizard [Energy Burn | Fire Spin]		Single	screen-flip	358.33	235	367.33	2026-08-10	
660212	Zapdos [Thunder | Thunderbolt]	Base Set	Single	screen-flip	339.98	70	137.94	2026-08-10	
563229	MGyarados EX [Blast Geyser]		Single	screen-flip	332.45	80	205.14	2026-08-10	
794611	Pikachu ex [Resolute Heart | Topaz Bolt]		Single	screen-flip	331.73	174.99	282.12	2026-08-10	
583020	Espeon VMAX [Solar Revelation | Max Mindstorm]	Fusion Strike	Single	screen-flip	328.32	85	260.88	2026-08-10	
869887	Pikachu ex [Resolute Heart | Topaz Bolt]		Single	screen-flip	327.16	150	282.82	2026-08-10	
555318	Lillie's Full Force		Single	screen-flip	317.89	140	272.62	2026-08-10	
562618	Gardevoir EX [Link Blast | Luminous Blade]		Single	screen-flip	315	150	431.86	2026-08-10	
280567	Rayquaza [Dragon Pulse | Shred]		Single	screen-flip	306.43	124	286.64	2026-08-10	
275509	Tropical Tidal Wave	Nintendo Black Star Promos	Single	screen-flip	299	150	318.06	2026-08-10	
825393	Umbreon [Blindside | Moon Mirage]		Single	screen-flip	297.88	165	270.89	2026-08-10	
869892	Team Rocket's Mewtwo ex [Power Saver | Erasure Ball]		Single	screen-flip	295.54	130	330.35	2026-08-10	
720391	Snorlax [Voraciousness | Thudding Press]	SV Black Star Promos	Single	screen-flip	295	199	512.84	2026-08-10	
692234	Miraidon [Sharp Fang | Lightning Laser]	SV Black Star Promos	Single	screen-flip	290	90	147.62	2026-08-10	
727072	Detective Pikachu [Thorough Investigation | Ride Dash]	Scarlet & Violet Promos	Single	screen-flip	284.43	149.9	254.76	2026-08-10	
544546	Red's Challenge	Tag Team GX: Tag All Stars	Single	screen-flip	281.99	180	311.53	2026-08-10	
829533	Reshiram ex [Slash | Blazing Burst]		Single	screen-flip	281.94	160	271.6	2026-08-10	
273927	Charizard [Energy Burn | Fire Spin]		Single	screen-flip	275.75	145	286.33	2026-08-10	
687823	Giratina VSTAR [Lost Impact | Star Requiem]		Single	screen-flip	275.45	158	278.87	2026-08-10	
574267	Glaceon VMAX [Crystal Veil | Max Icicle]	Evolving Skies	Single	screen-flip	274.83	100	323.69	2026-08-10	
544506	Blue's Tactics	Tag Team GX: Tag All Stars	Single	screen-flip	272	199.98	330.34	2026-08-10	
468399	Mimikyu [Haunt | Astonish]	Sun & Moon Promos	Single	screen-flip	269.99	119.99	269.99	2026-08-10	
761550	Greninja ex [Shinobi Blade | Mirage Barrage]		Single	screen-flip	269.87	135	346.22	2026-08-10	
824122	Ditto [Let's Swim Together | Splup]	Scarlet & Violet Promos	Single	screen-flip	269.22	165	298.11	2026-08-10	
724990	Charizard ex [Infernal Reign | Burning Darkness]		Single	screen-flip	268.71	89	258.41	2026-08-10	
562303	Jolteon [Electrigun | Pin Missile]	BW Promos	Single	screen-flip	260	109.99	212.93	2026-08-10	
500250	Charizard V [Claw Slash | Fire Spin]	Champion's Path	Single	screen-flip	254.45	100	225.25	2026-08-10	
851444	Umbreon & Darkrai GX [Black Lance | Dark Moon GX]		Single	screen-flip	251.8	150	232.46	2026-08-10	
751781	Charizard ex [Infernal Reign | Burning Darkness]	Paldean Fates	Single	screen-flip	249.37	129.9	236.97	2026-08-10	
657080	Pikachu [Wild Charge]	Sword & Shield Promos	Single	screen-flip	246.15	199	390.61	2026-08-10	
538588	Tyranitar V [Cragalanche | Single Strike Crush]		Single	screen-flip	244.66	85	239.19	2026-08-10	
840651	Mega Gardevoir ex [Overflowing Wishes | Mega Symphonia]		Single	screen-flip	242.24	140	280.13	2026-08-10	
861477	Pikachu ex [Resolute Heart | Topaz Bolt]		Single	screen-flip	240.95	100	237.69	2026-08-10	
566246	Sylveon VMAX [Precious Touch | Max Harmony]	Eevee Heroes	Single	screen-flip	235.67	179.99	443.17	2026-08-10	
525400	Kanazawa's Pikachu [New Open | Pika Stroll]	Sword & Shield Promos	Single	screen-flip	233.07	60	160.66	2026-08-10	
566197	Lost Remover		Single	screen-flip	228.5	64.99	181.81	2026-08-10	
563604	Lugia EX [Aero Ball | Deep Hurricane]		Single	screen-flip	227.5	159.99	523.34	2026-08-10	
687767	Pikachu [Pika Dash | Whimsy Tackle]		Single	screen-flip	222.5	140	292.55	2026-08-10	
564389	Pokémon Center Lady		Single	screen-flip	220	75	220	2026-08-10	
563603	Giratina EX [Renegade Pulse | Chaos Wheel]		Single	screen-flip	215	82	173.11	2026-08-10	
274282	Rocket's Mewtwo [Juxtapose | Hypnoblast | Psyburn]		Single	screen-flip	213.62	66	149.39	2026-08-10	
850171	Gengar [Night Gate | Nightmare]		Single	screen-flip	213	130	205	2026-08-10	
877373	Mega Greninja ex [Mortal Shuriken | Ninja Spinner]		Single	screen-flip	210	120	192.55	2026-08-10	
576772	Charizard [Energy Burn | Fire Spin]		Single	screen-flip	208.3	109.99	254.08	2026-08-10	
471669	Pretend Comedian Pikachu [New Open | Fickle Attack]	Sun & Moon Promos	Single	screen-flip	207.5	70	179.49	2026-08-10	
805544	Glaceon ex [Frost Bullet | Euclase]		Single	screen-flip	204.4	107.55	185.31	2026-08-10	
276395	Rocket's Sneasel ex [Drag Off | Dark Ring]	EX Team Rocket Returns	Single	screen-flip	201	74.65	152.73	2026-08-10	
276394	Rocket's Scyther ex [Dual Armor | Bounce | Slashing Strike]	EX Team Rocket Returns	Single	screen-flip	200	70	207.39	2026-08-10	
671277	Mewtwo [Psychic | Barrier]		Single	screen-flip	200	70	136.2	2026-08-10	
562616	MGardevoir EX [Despair Ray]		Single	screen-flip	199.99	119.9	257.78	2026-08-10	
761853	Latias ex δ Delta Species [Fellow Boost | Power Crush]		Single	screen-flip	199.9	40	90.89	2026-08-10	
674185	Aerodactyl V [Bite | Rock Crush]		Single	screen-flip	199.75	87.99	232.56	2026-08-10	
691950	Arceus VSTAR [Trinity Nova | Starbirth]		Single	screen-flip	194.97	110	236.12	2026-08-10	
580162	Charizard [Energy Burn | Fire Spin]		Single	screen-flip	193.88	135	223.84	2026-08-10	
381249	Cynthia	Hidden Fates	Single	screen-flip	193.86	95	206.31	2026-08-10	
576785	Umbreon Gold Star [Dark Ray | Feint Attack]		Single	screen-flip	192	77.9	154.42	2026-08-10	
805547	Jolteon ex [Flashing Spear | Dravite]		Single	screen-flip	190.47	89.99	157.78	2026-08-10	
470184	Pretend Tea Ceremony Pikachu [Petal Gather | Electro Ball]	Sun & Moon Promos	Single	screen-flip	189.95	169.67	314.05	2026-08-10	
557907	Blastoise [Rain Dance | Hydro Pump]	Unnumbered Promos	Single	screen-flip	189.35	130	227.66	2026-08-10	
276392	Rocket's Moltres ex [Dark Lift | Fire Dance | Combustion]	EX Team Rocket Returns	Single	screen-flip	187.5	60	129.27	2026-08-10	
650699	Poliwrath [Plunge | Water Punch]	Base Expansion Pack	Single	screen-flip	185.5	50	106.34	2026-08-10	
690651	Charizard Lv.76 [Energy Burn | Fire Spin]		Single	screen-flip	185	149	295.49	2026-08-10	
566096	Cresselia [Lunar Aura | Lunar Flight]		Single	screen-flip	185	140	232.11	2026-08-10	
569308	Archeops [Ancient Power | Rock Slide]		Single	screen-flip	185	45	135.08	2026-08-10	
560399	Darkrai [Dark Cutter | Abyssal Sleep]		Single	screen-flip	182.67	70	182.83	2026-08-10	
851249	Mega Gardevoir ex [Overflowing Wishes | Mega Symphonia]		Single	screen-flip	182.65	97.89	181.29	2026-08-10	
687824	Arceus VSTAR [Trinity Nova | Starbirth]		Single	screen-flip	180.29	95	181.11	2026-08-10	
567597	Dusknoir [Sinister Hand | Shadow Punch]		Single	screen-flip	180	74.99	180	2026-08-10	
468804	Ash's Pikachu [I Choose You! | Thunderbolt]	Sun & Moon Promos	Single	screen-flip	180	69.99	147.24	2026-08-10	
316072	Cynthia		Single	screen-flip	180	40	111.57	2026-08-10	
566242	Leafeon VMAX [Grass Knot | Max Leaf]	Eevee Heroes	Single	screen-flip	179.48	110	309.74	2026-08-10	
606473	Lugia [Elemental Blast]	Gold, Silver, to a New World	Single	screen-flip	178.84	75	175.17	2026-08-10	
500225	Charizard VMAX [Claw Slash | G-Max Wildfire]	Champion's Path	Single	screen-flip	178.57	95	188.42	2026-08-10	
826103	Team Rocket's Moltres ex [Flame Screen | Evil Incineration]		Single	screen-flip	176.82	85	132.95	2026-08-10	
765683	Charizard [Combustion | Bursting Inferno]		Single	screen-flip	175	80	187.19	2026-08-10	
701536	Magikarp [Expert Splasher]		Single	screen-flip	174.9	77.5	171.01	2026-08-10	
805556	Roaring Moon ex [Frenzied Gouging | Calamity Storm]		Single	screen-flip	172.18	91	155.36	2026-08-10	
733795	Blastoise ex [Solid Shell | Twin Cannons]		Single	screen-flip	171.93	78	161.99	2026-08-10	
275224	Kingdra [Crystal Type | Aquabomb | Dual Burn]	Aquapolis	Single	screen-flip	171.65	99.89	245.59	2026-08-10	
682284	Rayquaza VMAX [Azure Pulse | Max Burst]		Single	screen-flip	171.29	54.99	152.92	2026-08-10	
408744	Lillie's Full Force		Single	screen-flip	171.28	49.9	121.03	2026-08-10	
861493	Mega Dragonite ex [Sky Transport | Ryuno Glide]		Single	screen-flip	170.54	100	156.58	2026-08-10	
568365	Skyla		Single	screen-flip	169.99	89.99	208.58	2026-08-10	
275534	Tropical Wind		Single	screen-flip	169.49	120	235.62	2026-08-10	
408774	Rosa		Single	screen-flip	169	60	160.66	2026-08-10	
687821	Origin Forme Palkia VSTAR [Subspace Swell | Star Portal]		Single	screen-flip	166.67	55	138.41	2026-08-10	
654017	Arcanine [Energy Recharge | Shake | White Flames]	Mysterious Mountains	Single	screen-flip	165.99	79.2	168.29	2026-08-10	
751800	Mimikyu [Safeguard | Ghost Eye]	SV Black Star Promos	Single	screen-flip	164.74	95	160	2026-08-10	
572079	Dragonite V [Shred | Dragon Gale]		Single	screen-flip	164.67	125	231.49	2026-08-10	
816740	Cynthia's Garchomp ex [Corkscrew Dive | Draconic Buster]		Single	screen-flip	163.43	84	146.88	2026-08-10	
281928	MGengar EX [Phantom Gate]		Single	screen-flip	162	135	391.36	2026-08-10	
691948	Origin Forme Dialga VSTAR [Metal Blast | Star Chronos]		Single	screen-flip	161.42	65	135.06	2026-08-10	
752306	Charmander [Scratch | Ember]		Single	screen-flip	161.12	79	131.67	2026-08-10	
273682	Primal Groudon EX [Gaia Volcano]		Single	screen-flip	159.99	59.99	166.1	2026-08-10	
851250	Mega Lucario ex [Aura Jab | Mega Brave]		Single	screen-flip	159.46	96.9	157.04	2026-08-10	
554381	Jasmine's Steelix [Bind | Iron Tail]	Pokémon Card VS	Single	screen-flip	157.8	54.99	150.57	2026-08-10	
719655	Blastoise ex [Solid Shell | Twin Cannons]		Single	screen-flip	157.28	95	167.65	2026-08-10	
566114	Victory Medal		Single	screen-flip	156.23	115	218.21	2026-08-10	
583205	Flareon VMAX [Max Detonate]	SWSH Black Star Promos	Single	screen-flip	155.4	29.99	90.19	2026-08-10	
587021	Pikachu VMAX [G-Max Volt Tackle]		Single	screen-flip	154.2	40	124.46	2026-08-10	
783926	Ninetales ex [Intense Glare | Fire Blast]		Single	screen-flip	153.33	40	85.76	2026-08-10	
512650	Pikachu VMAX [G-Max Volt Tackle]		Single	screen-flip	151.29	45	144.66	2026-08-10	
805561	Eevee ex [Rainbow DNA | Coruscating Quartz]		Single	screen-flip	150.46	68	150.45	2026-08-10	
538728	Rapid Strike Urshifu VMAX [Gale Thrust | G-Max Rapid Flow]		Single	screen-flip	150	85	258.13	2026-08-10	
279889	Champions Festival [Duckboat]	BW Black Star Promos	Single	screen-flip	150	74.98	122.41	2026-08-10	
580164	Mew [Mysterious Tail | Psyshot]		Single	screen-flip	149.99	61	180.48	2026-08-10	
708481	Espeon [Psybeam]	Scarlet & Violet Promos	Single	screen-flip	149.99	73.98	149.99	2026-08-10	
567900	Empoleon [Diving Draw | Attack Command]		Single	screen-flip	149.99	89.99	159.49	2026-08-10	
286406	MMewtwo EX [Psychic Infinity]		Single	screen-flip	148.75	38	108.84	2026-08-10	
277449	Blastoise [Smash Turn | Rocket Tackle]		Single	screen-flip	148.74	55.99	126.98	2026-08-10	
658833	Machamp V [Revenge Buster | Seismic Toss]		Single	screen-flip	148.7	75	152.31	2026-08-10	
816739	Ethan's Ho-Oh ex [Golden Flame | Shining Feathers]		Single	screen-flip	148.33	59.18	131.57	2026-08-10	
788060	Latias ex [Skyliner | Eon Blade]		Single	screen-flip	148.21	85	144.64	2026-08-10	
660219	Magneton [Thunder Wave | Selfdestruct]	Base Set	Single	screen-flip	147.5	34.99	87.81	2026-08-10	
574233	Glaceon V [Frozen Awakening | Heavy Snow]	Evolving Skies	Single	screen-flip	147.23	50	129.38	2026-08-10	
783735	Charizard ex [Energy Flame | Slash | Burn Down]		Single	screen-flip	145.99	50	140.48	2026-08-10	
275644	Slowking [Revelation | Psychic]		Single	screen-flip	145.84	70	146.15	2026-08-10	
381219	Moltres & Zapdos & Articuno GX [Trinity Burn | Sky Legends GX]	SM Black Star Promos	Single	screen-flip	145.1	75	123.05	2026-08-10	
851248	Mega Venusaur ex [Solar Transfer | Jungle Dump]		Single	screen-flip	144.69	90	144.02	2026-08-10	
552639	Galarian Slowking V [Concoction | Word of Ruin]		Single	screen-flip	144.56	54.99	132.43	2026-08-10	
751780	Gardevoir ex [Psychic Embrace | Miracle Force]	Paldean Fates	Single	screen-flip	143.85	53	136.06	2026-08-10	
861480	Team Rocket's Mewtwo ex [Power Saver | Erasure Ball]		Single	screen-flip	142.67	79.99	146.75	2026-08-10	
558329	Gengar & Mimikyu GX [Poltergeist | Horror House GX]		Single	screen-flip	142.25	79	161.66	2026-08-10	
560239	Zoroark GX [Trade | Riotous Beating | Trickster GX]		Single	screen-flip	140	49.5	140	2026-08-10	
557066	Misty's Favor		Single	screen-flip	138	90	197.49	2026-08-10	
605316	Erika's Venusaur [Growth | Wide Solarbeam]		Single	screen-flip	136.55	44	125.81	2026-08-10	
278685	Snorlax LV.X [Big Appetite | Exercise]		Single	screen-flip	135.56	50	140.25	2026-08-10	
563022	Alakazam EX [Kinesis | Supression]		Single	screen-flip	135	54.95	165.28	2026-08-10	
869897	N's Zoroark ex [Trade | Night Joker]		Single	screen-flip	133.21	72	124.98	2026-08-10	
693067	Gardevoir ex [Psychic Embrace | Miracle Force]		Single	screen-flip	133.12	85	150.67	2026-08-10	
563533	Gyarados [Full Retaliation | Thrash]		Single	screen-flip	131.65	44.99	120.84	2026-08-10	
372719	Blastoise GX [Solid Shell | Rocket Splash | Giant Geyser GX]		Single	screen-flip	130	37.99	86.77	2026-08-10	
829430	Zekrom ex [Slash | Voltage Burst]		Single	screen-flip	129.93	83	140.39	2026-08-10	
719657	Zapdos ex [Voltaic Float | Multishot Lightning]		Single	screen-flip	129.55	45	105.82	2026-08-10	
522435	Charizard V [Claw Slash | Fire Spin]		Single	screen-flip	129.25	52.5	125.21	2026-08-10	
733797	Zapdos ex [Voltaic Float | Multishot Lightning]		Single	screen-flip	129.08	65	119.57	2026-08-10	
829527	Reshiram ex [Slash | Blazing Burst]		Single	screen-flip	129.06	83	173.7	2026-08-10	
687774	Charizard VSTAR [Explosive Fire | Star Blaze]		Single	screen-flip	127.02	73	156.08	2026-08-10	
568361	Articuno EX [Blizzard | Frost Prison]		Single	screen-flip	127	44.99	115.71	2026-08-10	
803325	Sylveon ex [Magical Charm | Angelite]		Single	screen-flip	126.85	75	127.32	2026-08-10	
563232	Darkrai EX [Dark Pulse | Dark Head]		Single	screen-flip	125.9	79.95	166.72	2026-08-10	
721198	Squirtle [Withdraw | Skull Bash]		Single	screen-flip	124.51	80	173.08	2026-08-10	
577413	Shining Magikarp [Gold Scale | Dragon Bond]		Single	screen-flip	123.39	39	117.59	2026-08-10	
574225	Leafeon V [Greening Cells | Leaf Blade]	Evolving Skies	Single	screen-flip	123.16	42.9	134.42	2026-08-10	
557064	Mega Sableye & Tyranitar GX [Greedy Crush | Gigafall GX]		Single	screen-flip	122.93	80	203.44	2026-08-10	
605359	Rocket's Mewtwo [Juxtapose | Hypnoblast | Psyburn]		Single	screen-flip	122.45	59.95	116.54	2026-08-10	
840646	Mega Gardevoir ex [Overflowing Wishes | Mega Symphonia]		Single	screen-flip	120.55	79.79	133.7	2026-08-10	
522440	Charizard VMAX [Claw Slash | G-Max Wildfire]		Single	screen-flip	119.5	95	155.03	2026-08-10	
869891	Lillie's Clefairy ex [Fairy Zone | Full Moon Rondo]		Single	screen-flip	119.46	52.9	111.01	2026-08-10	
864063	Mega Meganium ex [Giant Bouquet]		Single	screen-flip	119	74	142.11	2026-08-10	
568525	Altaria [Fight Song | Glide]		Single	screen-flip	118	59.99	140.53	2026-08-10	
408649	Vileplume GX [Flagrant Flower Garden | Massive Bloom | Allergic Explosion GX]		Single	screen-flip	117.05	44.88	118.77	2026-08-10	
282772	Rayquaza EX [Intensifying Burn | Dragon Pulse]		Single	screen-flip	116.43	38	126.08	2026-08-10	
817337	Lillie's Clefairy ex [Fairy Zone | Full Moon Rondo]		Single	screen-flip	115.64	45	94.97	2026-08-10	
769394	Perrin		Single	screen-flip	114.71	45	103.5	2026-08-10	
668224	Aerodactyl V [Bite | Rock Crush]	Lost Abyss	Single	screen-flip	114.66	48.5	114.75	2026-08-10	
276070	Sceptile ex [Green Heal | Poison Ring | Slashing Strike]		Single	screen-flip	114.06	35	112.21	2026-08-10	
725303	Charizard ex [Infernal Reign | Burning Darkness]		Single	screen-flip	113.52	43	106.72	2026-08-10	
807713	Lillie's Clefairy ex [Fairy Zone | Full Moon Rondo]		Single	screen-flip	112.17	48.99	108.64	2026-08-10	
525305	Pikachu [Thunder Shock]	Sword & Shield Promos	Single	screen-flip	111	45	119.7	2026-08-10	
408749	Mallow & Lana		Single	screen-flip	110.5	30	91.17	2026-08-10	
276780	Umbreon δ Delta Species [Delta Moon | Feint Attack]	EX Delta Species	Single	screen-flip	110	39.95	119.82	2026-08-10	
873078	Magikarp [Epic Splash]		Single	screen-flip	110	60	110	2026-08-10	
555076	Cynthia & Caitlin		Single	screen-flip	109.98	54.99	112.66	2026-08-10	
564358	MCharizard EX [Wild Blaze]		Single	screen-flip	107.5	49.67	149.44	2026-08-10	
563670	Rayquaza EX [Intensifying Burn | Dragon Pulse]		Single	screen-flip	107.48	30	82.49	2026-08-10	
582981	Celebi V [Leaflet Dance | Slash Back]	Fusion Strike	Single	screen-flip	106.9	29.4	94.6	2026-08-10	
651334	Origin Forme Palkia V [Rule the Region | Hydro Break]		Single	screen-flip	106.76	44.95	105.53	2026-08-10	
868898	Mewtwo LV.X [Psybarrier | Giga Burn]		Single	screen-flip	104.99	69.99	169.99	2026-08-10	
765038	Espeon δ Delta Species [Delta Heal | Psyshock]		Single	screen-flip	104.99	35	111.62	2026-08-10	
569185	Giratina EX [Shred | Dragon Pulse]		Single	screen-flip	104.94	64.9	184.75	2026-08-10	
580161	Pikachu [Gnaw | Thunder Jolt]		Single	screen-flip	104.88	69.99	147.91	2026-08-10	
658890	Starmie V [Swift | Energy Spiral]		Single	screen-flip	104.67	50.5	96.79	2026-08-10	
733763	Charmander [Blazing Destruction | Steady Firebreathing]		Single	screen-flip	104.35	50	96.15	2026-08-10	
583207	Vaporeon VMAX [Bubble Pod | Max Torrent]	SWSH Black Star Promos	Single	screen-flip	103.96	39.95	113.18	2026-08-10	
650704	Pichu [Energy Patch]	Base Expansion Pack	Single	screen-flip	100	50	98.62	2026-08-10	
563444	MHoundoom EX [Inferno Fang]		Single	screen-flip	99.99	45	110.31	2026-08-10	
792414	MGengar EX [Phantom Gate]		Single	screen-flip	99.9	64.99	163.88	2026-08-10	
740742	Groudon [Swelling Power | Magma Purge]		Single	screen-flip	99.9	40	92	2026-08-10	
674235	Pikachu VMAX [G-Max Volt Tackle]		Single	screen-flip	98.57	34	105.82	2026-08-10	
288541	Sylveon EX [Dress Up | Precious Ribbon]		Single	screen-flip	98.29	32.99	99.78	2026-08-10	
851252	Mega Latias ex [Strafe | Illusory Impulse]		Single	screen-flip	97.79	50	97.51	2026-08-10	
733765	Squirtle [Withdraw | Skull Bash]		Single	screen-flip	97.77	25	78.05	2026-08-10	
761843	Dragonite ex δ Delta Species [Deafen | Dragon Roar]		Single	screen-flip	97.5	55	134.56	2026-08-10	
587043	Umbreon VMAX [Dark Signal | Max Darkness]		Single	screen-flip	97.34	40	91.69	2026-08-10	
273680	Primal Kyogre EX [Tidal Storm]		Single	screen-flip	95.25	49.9	164.48	2026-08-10	
765245	Arcanine ex [Fire Remedy | Overrun | Flame Swirl]		Single	screen-flip	94.99	50	111.35	2026-08-10	
567287	Galarian Slowking V [Concoction | Word of Ruin]		Single	screen-flip	94.35	55	101.31	2026-08-10	
658828	Origin Forme Palkia V [Rule the Region | Hydro Break]		Single	screen-flip	93.8	45	99.75	2026-08-10	
783743	Blastoise ex [Energy Rain | Hyper Whirlpool]		Single	screen-flip	93.32	30	89.39	2026-08-10	
279641	Entei [Extreme Speed | Wild Blaze]		Single	screen-flip	93.32	24.99	82.72	2026-08-10	
561784	Celebi V [Leaflet Dance | Slash Back]	Sword & Shield Promos	Single	screen-flip	92.52	69.99	124.9	2026-08-10	
652036	Kingdra [Water Cyclone | Rapids]	Wind from the Sea	Single	screen-flip	92.45	39.9	99.08	2026-08-10	
525300	Pikachu VMAX [G-Max Volt Tackle]	Sword & Shield Promos	Single	screen-flip	91.25	54.99	125.64	2026-08-10	
868914	Gengar Lv.43 [Fainting Spell | Shadow Room | Poltergeist]		Single	screen-flip	90	40	95.93	2026-08-10	
783665	Moltres ex [Legendary Ascent | Crushing Flames]		Single	screen-flip	89.95	64.49	124.09	2026-08-10	
568512	Celebi EX [Time Recall | Wind Whisk]		Single	screen-flip	89.45	39.94	110.71	2026-08-10	
275180	Psyduck [Headbutt | Scratch]	Aquapolis	Single	screen-flip	88.8	39.95	105.52	2026-08-10	
275419	Rocket's Hitmonchan [Crosscounter | Magnum Punch]	Best of Game Cards Promos	Single	screen-flip	87.75	64.99	151.1	2026-08-10	
744628	Blastoise [Rain Dance | Hydro Pump]		Single	screen-flip	86.87	45	93.35	2026-08-10	
293368	Charizard [Energy Burn | Fire Spin]		Single	screen-flip	86.85	24.9	75.57	2026-08-10	
365859	Mimikyu GX [Perplex | Let's Snuggle & Fall | Dream Fear GX]		Single	screen-flip	85	60	114.39	2026-08-10	
281124	Virizion [Double Draw | Leaf Wallop]		Single	screen-flip	85	27	76.32	2026-08-10	
563048	Articuno [Find Ice | Freezing Wind]		Single	screen-flip	84.99	55	120.98	2026-08-10	
741918	Altaria ex [Humming Heal | Light Pulse]		Single	screen-flip	82.45	49.9	96.69	2026-08-10	
691915	Leafeon VSTAR [Leaf Guard | Ivy Star]		Single	screen-flip	82.44	40	97.25	2026-08-10	
674370	Charizard VSTAR [Explosive Fire | Star Blaze]	SWSH Black Star Promos	Single	screen-flip	82.39	44.99	93.89	2026-08-10	
566545	Alto Mare's Latias [Charm | Water Sport]	10th Movie Commemoration Set	Single	screen-flip	81.78	34.99	116.45	2026-08-10	
785997	Bulbasaur [Leech Seed | 151]		Single	screen-flip	80.74	29.98	81.18	2026-08-10	
653940	Starmie [Energy Burst | Star Back]	Split Earth	Single	screen-flip	80	54.95	119.14	2026-08-10	
669050	Scizor [Cut | Metal Claw]		Single	screen-flip	79.47	35	81.14	2026-08-10	
563693	Hydreigon EX [Dragon Road | Shred]		Single	screen-flip	78.95	40	88.38	2026-08-10	
691920	Glaceon VSTAR [Icicle Shot | Crystal Star]		Single	screen-flip	78.58	34.99	92.69	2026-08-10	
869411	Espeon ex [Devo Flash | Snap Tail | Psyloop]		Single	screen-flip	76.33	45	128.56	2026-08-10	
881891	Gengar [Infinite Shadow | Mind Jack]		Single	screen-flip	75.5	60	114.18	2026-08-10	
553833	Ho-Oh [Stoke | Fire Wing]	XY Promos	Single	screen-flip	74.99	43	118.16	2026-08-10	
410599	Solgaleo & Lunala GX [Cosmic Burn | Light of the Protector GX]		Single	screen-flip	74.98	29.95	85.78	2026-08-10	
769362	Eevee [Ascension | Quick Attack]		Single	screen-flip	74.96	33.5	88.15	2026-08-10	
372496	Green's Exploration		Single	screen-flip	74.49	27.5	85.31	2026-08-10	
295183	Mew [Clairvoyance | Psychic]	XY Black Star Promos	Single	screen-flip	73.73	29.99	82.54	2026-08-10	
560381	Victini [Energy Assist | Victory Ball]		Single	screen-flip	73.57	34.99	81.84	2026-08-10	
606283	Charizard VSTAR [Explosive Fire | Star Blaze]		Single	screen-flip	73.36	32	82.2	2026-08-10	
669091	Houndoom [Fire Breath | Dark Clamp | Prime]		Single	screen-flip	72.49	22	68.44	2026-08-10	
554591	Lance's Aerodactyl [Wing Attack | Nosedive]	Pokémon Card VS	Single	screen-flip	70.49	67.9	142.2	2026-08-10	
740796	Altaria ex [Humming Heal | Light Pulse]		Single	screen-flip	69.69	34.99	93.2	2026-08-10	
381222	Moltres & Zapdos & Articuno GX [Trinity Burn | Sky Legends GX]	Hidden Fates	Single	screen-flip	67.4	25.9	79.57	2026-08-10	
289793	Champions Festival [Duckboat]	XY Black Star Promos	Single	screen-flip	66.83	35	84.88	2026-08-10	
651928	Azumarill [Bubble Turn | Aqua Sonic]	The Town on No Map	Single	screen-flip	65.66	30	97.68	2026-08-10	
563051	Zapdos [Drill Peck | Raging Thunder]		Single	screen-flip	62.99	44.99	145.58	2026-08-10	
372494	Red's Challenge		Single	screen-flip	62.61	26.99	85.96	2026-08-10	
882904	Kirlia Lv.28 [Psychic Research | Telekinesis]		Single	screen-flip	62.5	40	95.8	2026-08-10	
567918	Pikachu [Quick Attack]	Everyone's Exciting Battle	Single	screen-flip	61.27	40	96.6	2026-08-10	
274286	Giovanni		Single	screen-flip	56.42	24	70.8	2026-08-10	
555267	Pikachu [Nuzzle | Volt Tackle]		Single	screen-flip	53.27	38.99	92.11	2026-08-10	
684384	Lucario Lv.42 [Aura Sphere | Do the Wave]		Single	screen-flip	50.75	40	89.74	2026-08-10	
362902	Espeon [Energy Return | Damage Blast]	Aquapolis	Single	screen-flip	50	24.99	82.92	2026-08-10	
650705	Ampharos [Energy Connect | Lightning Strike]	Base Expansion Pack	Single	screen-flip	49.98	34.98	110.16	2026-08-10	
280996	Sigilyph [Safeguard | Psychic]		Single	screen-flip	45	29.98	76.48	2026-08-10	
784222	Team Magma's Houndoom [Roasting Heat | Magma Spurt]		Single	screen-flip	44.15	22.99	69.84	2026-08-10	
784066	Groudon ex [Mark of Antiquity | Rock Tumble | Crushing Mantle]		Single	screen-flip	43.66	34.95	93.69	2026-08-10	
553838	Ho-Oh BREAK [Shining Flame]	XY Promos	Single	screen-flip	39.95	28	90.04	2026-08-10	
566516	Dialga Lv.63 [Adamant Orb | Time Shift | Diamond Blast]		Single	screen-flip	34.99	25.99	77.18	2026-08-10	
283943	Ancient Origins Booster Box	Ancient Origins	Display	screen-sealed	6325	1900	3343.62	2026-08-10	
271897	Noble Victories Booster Box		Display	screen-sealed	6000	3000	4182.03	2026-08-10	
271915	EX Holon Phantoms Booster Box		Display	screen-sealed	4999.99	1700	2709.45	2026-08-10	
271841	EX Deoxys Booster		Booster	screen-sealed	4350	549	1184.16	2026-08-10	
398439	Cosmic Eclipse Booster Box		Display	screen-sealed	3999	1950	3396.61	2026-08-10	
672309	Lost Origin 6 Booster Box Case		Display	screen-sealed	3974.5	2200	3909.46	2026-08-10	
316135	Forbidden Light Booster Box		Display	screen-sealed	3775	1350	1872.82	2026-08-10	
668175	Brilliant Stars 6 Booster Box Case		Display	screen-sealed	3500	2199.99	3723.96	2026-08-10	
271846	EX Holon Phantoms Booster		Booster	screen-sealed	2799.99	849.99	1495.94	2026-08-10	
858379	MEGA Dream ex Booster Box Case		Display	screen-sealed	2605.56	1700	2355.61	2026-08-10	
672310	Silver Tempest 6 Booster Box Case		Display	screen-sealed	2480	1200	2439.83	2026-08-10	
377487	Unified Minds Booster Box		Display	screen-sealed	2450	2000	2868.26	2026-08-10	
370620	Unbroken Bonds Booster Box		Display	screen-sealed	2400	1300	2287.22	2026-08-10	
715779	Obsidian Flames 6 Booster Box Case		Display	screen-sealed	2344.5	1200	1999.58	2026-08-10	
668174	Astral Radiance 6 Booster Box Case		Display	screen-sealed	2300	1349.35	1800.62	2026-08-10	
818576	Destined Rivals 6 Booster Box Case		Display	screen-sealed	2254.55	1020	2310.39	2026-08-10	
703162	Paldea Evolved 6 Booster Box Case		Display	screen-sealed	2158.16	949.98	2221.17	2026-08-10	
798932	Prismatic Evolutions 10 Elite Trainer Box Case		Elite Trainer Boxes	screen-sealed	1770.1	1099	1759.72	2026-08-10	
860573	Ascended Heroes 10 Elite Trainer Box Case		Elite Trainer Boxes	screen-sealed	1716	989.99	1672.04	2026-08-10	
761231	Twilight Masquerade 10 Elite Trainer Box Case		Elite Trainer Boxes	screen-sealed	1712.5	650	1262.07	2026-08-10	
794902	151 Booster Bundle Display		Display	screen-sealed	1702.09	999.9	1761.57	2026-08-10	
794901	Paldean Fates Booster Bundle Display	Paldean Fates	Display	screen-sealed	1582.99	930	1513.3	2026-08-10	
733803	YU NAGABA × Pokémon Card Game Eeveelution Full Promo Set	Scarlet & Violet Promos	Lot	screen-sealed	1537.5	850	1696.14	2026-08-10	
834812	Mega Evolution 6 Booster Box Case		Display	screen-sealed	1537.5	750	1546.29	2026-08-10	
750407	Temporal Forces 6 Booster Box Case		Display	screen-sealed	1459.12	990	1460.63	2026-08-10	
784950	Surging Sparks 6 Booster Box Case		Display	screen-sealed	1450	999.35	1671.51	2026-08-10	
315121	Ultra Prism Booster Box		Display	screen-sealed	1428.99	1000	2000.23	2026-08-10	
818584	Destined Rivals 10 Elite Trainer Box Case		Elite Trainer Boxes	screen-sealed	1400	1250	1906.59	2026-08-10	
398434	Cosmic Eclipse Elite Trainer Box		Elite Trainer Boxes	screen-sealed	1400	600	1098.11	2026-08-10	
729189	Paradox Rift 6 Booster Box Case		Display	screen-sealed	1349.5	500	1203.75	2026-08-10	
357063	Celestial Storm Booster Box		Display	screen-sealed	1310	600	1410.06	2026-08-10	
437174	Sword & Shield Build & Battle Box		Box Set	screen-sealed	1300	140	307.56	2026-08-10	
895733	Storm Emeralda Booster Box Case		Display	screen-sealed	1299	999.95	1564.2	2026-08-10	
824091	White Flare 10 Elite Trainer Box Case		Elite Trainer Boxes	screen-sealed	1287	780	1204.52	2026-08-10	
824090	Black Bolt 10 Elite Trainer Box Case		Elite Trainer Boxes	screen-sealed	1275	780	1432.15	2026-08-10	
846732	Phantasmal Flames 10 Elite Trainer Box Case		Elite Trainer Boxes	screen-sealed	1249.66	720	1211.53	2026-08-10	
449228	Tag Team Powers Collection: Umbreon & Darkrai GX		Box Set	screen-sealed	1225	750	1143.46	2026-08-10	
449223	Tag Team Powers Collection: Espeon & Deoxys GX		Box Set	screen-sealed	1200	420	915.16	2026-08-10	
363267	Lost Thunder Booster Box		Display	screen-sealed	1160	625	1263.98	2026-08-10	
834810	Mega Evolution 10 Elite Trainer Box Case		Elite Trainer Boxes	screen-sealed	1099.5	700	1025.89	2026-08-10	
570907	Celebrations Ultra-Premium Collection		Box Set	screen-sealed	1032.33	700	1014.49	2026-08-10	
301245	Shining Legends: Premium Powers Collection	Shining Legends	Box Set	screen-sealed	999	390	574.69	2026-08-10	
296850	Guardians Rising Booster Box		Display	screen-sealed	998.33	750	1007.07	2026-08-10	
574435	Evolving Skies Booster Box (18 Boosters)	Evolving Skies	Display	screen-sealed	995.2	689	951.96	2026-08-10	
361540	Dragon Majesty Elite Trainer Box		Elite Trainer Boxes	screen-sealed	950	499.99	711.61	2026-08-10	
551821	Shining Legends JP Booster Box		Display	screen-sealed	944.99	799	1079.63	2026-08-10	
271874	Team Rocket Booster		Booster	screen-sealed	940	295	652.91	2026-08-10	
412294	Fall 2019 Collector Chest		Box Set	screen-sealed	934.61	500	998.53	2026-08-10	
873607	Ascended Heroes Booster Bundle Display		Display	screen-sealed	904.03	415	1002.78	2026-08-10	
836257	Black Bolt Booster Bundle Display		Display	screen-sealed	857.44	480	847.96	2026-08-10	
544736	Tag Team GX: Tag All Stars Booster Box	Tag Team GX: Tag All Stars	Display	screen-sealed	839	620	871.75	2026-08-10	
301162	Shining Legends Elite Trainer Box	Shining Legends	Elite Trainer Boxes	screen-sealed	828.3	420	852.02	2026-08-10	
798925	Prismatic Evolutions Booster Bundle Display		Display	screen-sealed	825.72	530	768.28	2026-08-10	
288300	Mythical Pokémon Collection: Mew		Box Set	screen-sealed	800	420	707.64	2026-08-10	
836258	White Flare Booster Bundle Display		Display	screen-sealed	798.26	490	800	2026-08-10	
846741	Phantasmal Flames Build & Battle Box Display		Box Set	screen-sealed	795.5	440	647.32	2026-08-10	
574592	Fusion Strike Booster Box	Fusion Strike	Display	screen-sealed	777.37	499	764.67	2026-08-10	
761359	Galar Power Mini Tin Display		Tins	screen-sealed	749.99	400	605.68	2026-08-10	
370619	Unbroken Bonds Elite Trainer Box		Elite Trainer Boxes	screen-sealed	749.9	495	1227.15	2026-08-10	
586398	Phantom Forces: Shiftry 3-Pack Blister		Blisters	screen-sealed	725	450	648.94	2026-08-10	
865394	Perfect Order 10 Elite Trainer Box Case		Elite Trainer Boxes	screen-sealed	721.33	495.9	676.1	2026-08-10	
316134	Forbidden Light Elite Trainer Box		Elite Trainer Boxes	screen-sealed	660	499	698.53	2026-08-10	
367077	Towering Splash GX Box		Box Set	screen-sealed	650	144.9	237.95	2026-08-10	
315119	Ultra Prism Elite Trainer Box (Dusk Mane Necrozma)		Elite Trainer Boxes	screen-sealed	636.8	400	776.8	2026-08-10	
370815	Alolan Marowak GX Box		Box Set	screen-sealed	625	230	365.16	2026-08-10	
286533	EX Legend Maker: Shadowquake Theme Deck	EX Legend Maker	Theme Deck	screen-sealed	600	199	473.93	2026-08-10	
362921	Dragon Majesty: Salamence GX Collection		Box Set	screen-sealed	600	180	299.72	2026-08-10	
315120	Ultra Prism Elite Trainer Box (Dawn Wings Necrozma)		Elite Trainer Boxes	screen-sealed	593.39	430	604.98	2026-08-10	
301169	Crimson Invasion Booster Box		Display	screen-sealed	583.5	349.99	540.99	2026-08-10	
552304	PokéKyun Collection Booster		Booster	screen-sealed	577	220	449.88	2026-08-10	
427146	Sword & Shield Booster Box		Display	screen-sealed	553.29	330	499.24	2026-08-10	
895578	30th Celebration: Umbreon Ultra-Premium Collection		Box Set	screen-sealed	522.57	434.99	596.61	2026-08-10	
286493	Jungle: Water Blast Theme Deck		Theme Deck	screen-sealed	518.75	120	297.55	2026-08-10	
703163	Paldea Evolved 24 Sleeved Booster Case		Display	screen-sealed	514.96	274.99	413.84	2026-08-10	
895577	30th Celebration: Espeon Ultra-Premium Collection		Box Set	screen-sealed	514.75	429.99	578.05	2026-08-10	
453273	Rebel Clash Booster Box		Display	screen-sealed	500	400	641.93	2026-08-10	
798929	Prismatic Evolutions: Tech Sticker Collection Display		Blisters	screen-sealed	490	320	481.31	2026-08-10	
357062	Celestial Storm Elite Trainer Box		Elite Trainer Boxes	screen-sealed	479	460	897.03	2026-08-10	
271849	Fossil Booster		Booster	screen-sealed	473.5	285	555.42	2026-08-10	
371782	Shining Legends Collector Chest	Shining Legends	Tins	screen-sealed	469	150	253.91	2026-08-10	
315686	Shining Legends: Shiny Darkrai GX Collection	Shining Legends	Box Set	screen-sealed	462.48	139.99	297.37	2026-08-10	
670732	Sword & Shield Ultra-Premium Collection - Charizard		Box Set	screen-sealed	455.39	330	442.63	2026-08-10	
860564	Ascended Heroes: Tech Sticker Collection Display		Blisters	screen-sealed	449.92	299.9	535.81	2026-08-10	
877283	Chaos Rising Build & Battle Box Display		Box Set	screen-sealed	445	229.99	443.33	2026-08-10	
568795	Evolving Skies Elite Trainer Box [SEGV]	Evolving Skies	Elite Trainer Boxes	screen-sealed	434	340	466.06	2026-08-10	
286609	Undaunted: Nightfall Theme Deck		Theme Deck	screen-sealed	429.99	180	289.59	2026-08-10	
583512	Brilliant Stars Booster Box		Display	screen-sealed	425.08	299	444.6	2026-08-10	
611352	Astral Radiance Booster Box		Display	screen-sealed	421.46	200	370.56	2026-08-10	
282553	Double Crisis Booster		Booster	screen-sealed	419.99	199.9	437.43	2026-08-10	
887471	Perfect Order Build & Battle Box Display		Box Set	screen-sealed	400	250	400	2026-08-10	
367143	Eevee GX Box		Box Set	screen-sealed	400	150	219.6	2026-08-10	
301684	Charizard GX Premium Collection		Box Set	screen-sealed	399.99	200	321.9	2026-08-10	
665526	Lost Origin Booster Box		Display	screen-sealed	398.76	280	500.1	2026-08-10	
399604	Pikachu GX & Eevee GX Collection		Box Set	screen-sealed	398.75	269.99	388.83	2026-08-10	
854897	Prismatic Evolutions: Costco 8-Pack Mini Tins Bundle		Tins	screen-sealed	396.25	274.9	374.67	2026-08-10	
885541	Pitch Black Build & Battle Box Display		Box Set	screen-sealed	389.82	280	411.92	2026-08-10	
453283	Rebel Clash Elite Trainer Box		Elite Trainer Boxes	screen-sealed	379.33	205	309.55	2026-08-10	
895584	30th Celebration: Mini Tin Display		Tins	screen-sealed	378.33	280	397.48	2026-08-10	
674720	Brilliant Stars 24 Sleeved Booster Case		Display	screen-sealed	375	299.99	711.41	2026-08-10	
672333	Silver Tempest Booster Box		Display	screen-sealed	355.67	195	341.22	2026-08-10	
271859	Supreme Victors Booster		Booster	screen-sealed	348.88	140	317.43	2026-08-10	
818577	Destined Rivals 24 Sleeved Booster Case		Display	screen-sealed	332.5	200	331.13	2026-08-10	
271873	Jungle Booster		Booster	screen-sealed	326.56	200	419.84	2026-08-10	
860575	Ascended Heroes Pokémon Center Elite Trainer Box		Elite Trainer Boxes	screen-sealed	316.02	138	203.69	2026-08-10	
846746	Phantasmal Flames Booster Box		Display	screen-sealed	313.13	150	309.73	2026-08-10	
741953	Venusaur & Charizard & Blastoise Special Deck Set ex		Box Set	screen-sealed	310	169	332.24	2026-08-10	
818574	Destined Rivals Booster Box		Display	screen-sealed	302.61	159.95	290.57	2026-08-10	
834824	Mega Evolution: Mega Gardevoir Pokémon Center Elite Trainer Box		Elite Trainer Boxes	screen-sealed	302.5	158	242.7	2026-08-10	
362922	Dragon Majesty: White Kyurem GX Collection		Box Set	screen-sealed	300	180	290.77	2026-08-10	
286505	Gym Heroes: Misty Theme Deck		Theme Deck	screen-sealed	299	141	307.43	2026-08-10	
846731	Phantasmal Flames 24 Sleeved Booster Case		Display	screen-sealed	297.5	245	511.68	2026-08-10	
844440	Team Rocket's Moltres ex Ultra-Premium Collection		Box Set	screen-sealed	290.02	215	286.81	2026-08-10	
703156	Paldea Evolved Booster Box		Display	screen-sealed	287.68	159.9	287.6	2026-08-10	
286540	EX Dragon Frontiers: Shadow Blaze Theme Deck	EX Dragon Frontiers	Theme Deck	screen-sealed	279.99	120	238.33	2026-08-10	
301678	Shining Legends: Zoroark GX Special Collection	Shining Legends	Box Set	screen-sealed	279	179	270.47	2026-08-10	
427136	Sword & Shield Elite Trainer Box (Zacian)		Elite Trainer Boxes	screen-sealed	276.33	199	284.72	2026-08-10	
683027	Crown Zenith: Shiny Zamazenta Premium Figure Collection		Box Set	screen-sealed	267.81	199.9	267.98	2026-08-10	
784540	Greninja ex Ultra-Premium Collection		Box Set	screen-sealed	266.65	139.99	263.6	2026-08-10	
761219	Twilight Masquerade Booster Box		Display	screen-sealed	264.34	179.9	243.1	2026-08-10	
466004	True Steel Premium Collection (Zamazenta)		Box Set	screen-sealed	256.66	169.9	307.24	2026-08-10	
494509	Vivid Voltage Booster Box		Display	screen-sealed	254.45	159.99	257.61	2026-08-10	
749077	Paldean Fates: Mini Tin Display	Paldean Fates	Tins	screen-sealed	252.12	194.35	301.72	2026-08-10	
683009	Crown Zenith Elite Trainer Box		Elite Trainer Boxes	screen-sealed	251	160	249.34	2026-08-10	
562035	Dragon Selection Booster		Booster	screen-sealed	250	90	172.54	2026-08-10	
316115	Dusk Mane Necrozma GX Tin		Tins	screen-sealed	250	100	167.47	2026-08-10	
361536	Dragon Majesty: Premium Powers Collection		Box Set	screen-sealed	247.5	200	477.8	2026-08-10	
564169	Gengar VMAX High-Class Deck		Theme Deck	screen-sealed	247.23	159	228.2	2026-08-10	
271836	Majestic Dawn Booster		Booster	screen-sealed	245.55	180	299.57	2026-08-10	
860567	Ascended Heroes: Mini Tin Display		Tins	screen-sealed	244.75	130	182.46	2026-08-10	
834832	Mega Evolution Booster Box		Display	screen-sealed	244.33	155	251.92	2026-08-10	
570906	Celebrations Premium Figure Collection: Pikachu VMAX		Box Set	screen-sealed	241.28	159	264.37	2026-08-10	
776325	Stellar Crown Booster Box		Display	screen-sealed	238.57	150	238.44	2026-08-10	
784949	Surging Sparks Booster Box		Display	screen-sealed	235.47	144.95	235.09	2026-08-10	
750403	Temporal Forces Booster Box		Display	screen-sealed	234.22	150	234.6	2026-08-10	
745548	Paldean Fates Elite Trainer Box	Paldean Fates	Elite Trainer Boxes	screen-sealed	232.55	120	236.68	2026-08-10	
552294	Premium Champion Pack Booster		Booster	screen-sealed	232.5	59	138.59	2026-08-10	
718514	Pokémon Card 151 Booster Box		Display	screen-sealed	230.91	149	235.71	2026-08-10	
813966	Prismatic Evolutions Super-Premium Collection		Box Set	screen-sealed	228.62	124.9	246.18	2026-08-10	
715465	Obsidian Flames Booster Box		Display	screen-sealed	227.42	175	241.96	2026-08-10	
715464	Obsidian Flames Elite Trainer Box		Elite Trainer Boxes	screen-sealed	227.05	140	226.18	2026-08-10	
564175	Eevee Heroes Booster Box	Eevee Heroes	Display	screen-sealed	226.08	149.5	248.74	2026-08-10	
271827	Dragons Exalted Booster		Booster	screen-sealed	225	84.9	212.07	2026-08-10	
579346	25th Anniversary Collection Booster Box		Display	screen-sealed	218.72	134.99	223.58	2026-08-10	
271835	Legends Awakened Booster		Booster	screen-sealed	218	160	270.36	2026-08-10	
319731	Sun & Moon Prerelease Pack		Box Set	screen-sealed	215	170	227.95	2026-08-10	
798944	Prismatic Evolutions: Mini Tin Display		Tins	screen-sealed	209.53	130	200.5	2026-08-10	
695988	Sword & Shield Ultra-Premium Collection - Charizard Promos	SWSH Black Star Promos	Lot	screen-sealed	208.78	149.99	203.27	2026-08-10	
665654	Lost Abyss Booster Box	Lost Abyss	Display	screen-sealed	204.91	124.99	211.86	2026-08-10	
585716	Evolving Skies: Umbreon 3-Pack Blister	Evolving Skies	Blisters	screen-sealed	202.33	110	213.79	2026-08-10	
566511	Diamond Collection Booster		Booster	screen-sealed	200	90	185	2026-08-10	
551911	GX Battle Boost Booster	GX Battle Boost	Booster	screen-sealed	200	150	218.84	2026-08-10	
286536	EX Crystal Guardians: Green Cyclone Theme Deck	EX Crystal Guardians	Theme Deck	screen-sealed	200	90	147.75	2026-08-10	
271857	Platinum Booster		Booster	screen-sealed	194.98	170	262.53	2026-08-10	
867792	Unova Heavy Hitters Premium Collection		Box Set	screen-sealed	194.19	139.9	283.88	2026-08-10	
585715	Evolving Skies: Eiscue 3-Pack Blister	Evolving Skies	Blisters	screen-sealed	187.24	115	206.02	2026-08-10	
488264	Champion’s Path: Stow-on-Side Special Pin Collection	Champion's Path	Box Set	screen-sealed	187	105	151.77	2026-08-10	
834800	Prismatic Evolutions Premium Figure Collection		Box Set	screen-sealed	184.93	119.99	178.03	2026-08-10	
834809	Mega Heroes: Mini Tin Display		Tins	screen-sealed	179.99	119.9	187.34	2026-08-10	
877295	Chaos Rising Booster Box		Display	screen-sealed	178.09	120	179.56	2026-08-10	
271851	Triumphant Booster		Booster	screen-sealed	177	88	168.95	2026-08-10	
552339	Magma Gang VS Aqua Gang: Double Crisis Booster		Booster	screen-sealed	175	99.95	143.65	2026-08-10	
551926	Shining Legends JP Booster		Booster	screen-sealed	173	59.99	108.25	2026-08-10	
286503	Team Rocket: Trouble Theme Deck		Theme Deck	screen-sealed	168.33	145	289.45	2026-08-10	
570908	Celebrations Collector Chest		Box Set	screen-sealed	165.85	125	175.43	2026-08-10	
798930	Prismatic Evolutions Elite Trainer Box		Elite Trainer Boxes	screen-sealed	164.84	84.9	130.1	2026-08-10	
865408	Perfect Order Booster Box		Display	screen-sealed	163.84	119.98	160.25	2026-08-10	
560996	Generic Level Ball Tin		Tins	screen-sealed	160	49.99	87.36	2026-08-10	
562032	Freeze Bolt Booster		Booster	screen-sealed	159.99	90	159.99	2026-08-10	
818585	Destined Rivals Elite Trainer Box		Elite Trainer Boxes	screen-sealed	158.72	97.98	150.77	2026-08-10	
865395	Perfect Order 24 Sleeved Booster Case		Display	screen-sealed	156.99	100	162.25	2026-08-10	
757830	Mew V Box (Mewtwo Promo Version)		Box Set	screen-sealed	155	80	140.9	2026-08-10	
761233	Twilight Masquerade 24 Sleeved Booster Case		Display	screen-sealed	154.9	124.99	167.63	2026-08-10	
703175	Paldea Evolved Elite Trainer Box		Elite Trainer Boxes	screen-sealed	154.59	90	177.41	2026-08-10	
271832	Plasma Blast Booster		Booster	screen-sealed	150	60	122.43	2026-08-10	
370310	Elemental Power Tins: Vaporeon GX Tin		Tins	screen-sealed	150	104.99	152.92	2026-08-10	
562442	HeartGold & SoulSilver Booster (5 Cards)		Booster	screen-sealed	150	50	86.65	2026-08-10	
372218	Kangaskhan GX Box		Box Set	screen-sealed	150	79.5	112.53	2026-08-10	
745562	Paldean Fates: Meowscarada ex Premium Collection	Paldean Fates	Box Set	screen-sealed	145.89	75	155.02	2026-08-10	
572149	Mewtwo V-UNION Special Collection		Box Set	screen-sealed	145.85	90	147.85	2026-08-10	
719695	151 Booster Bundle		Display	screen-sealed	145.69	70	152.15	2026-08-10	
895576	30th Celebration: Mew Figure Collection		Box Set	screen-sealed	145.55	118	157.46	2026-08-10	
745563	Paldean Fates: Skeledirge ex Premium Collection	Paldean Fates	Box Set	screen-sealed	144.77	75	148.34	2026-08-10	
534137	Single Strike Master Booster Box		Display	screen-sealed	143	64.99	151.56	2026-08-10	
745564	Paldean Fates: Quaquaval ex Premium Collection	Paldean Fates	Box Set	screen-sealed	142.51	69.99	146.51	2026-08-10	
271828	Emerging Powers Booster		Booster	screen-sealed	142.5	39	97.17	2026-08-10	
271875	Undaunted Booster		Booster	screen-sealed	141.4	109.9	194.29	2026-08-10	
480104	Legendary Heartbeat Booster Box	Legendary Heartbeat	Display	screen-sealed	141.25	90	161.79	2026-08-10	
895668	Storm Emeralda Booster Box		Display	screen-sealed	140.33	95.99	128.17	2026-08-10	
604989	Glaceon VSTAR Special Collection (EU Version)		Box Set	screen-sealed	137.9	79.9	117.52	2026-08-10	
708470	YU NAGABA × Pokémon Card Game Eeveelution Special Box		Box Set	screen-sealed	136.66	65	119.52	2026-08-10	
761969	Vibrant Paldea Mini Tin Display		Tins	screen-sealed	132.45	94.99	146.45	2026-08-10	
846745	Phantasmal Flames Booster Box (18 Boosters)		Display	screen-sealed	131.86	100	138.83	2026-08-10	
878511	Lumiose City: Mini Tin Display		Tins	screen-sealed	131.42	80	162.31	2026-08-10	
860574	Ascended Heroes Elite Trainer Box		Elite Trainer Boxes	screen-sealed	131.28	64.99	129.49	2026-08-10	
271880	Plasma Freeze Booster		Booster	screen-sealed	131.25	59	141.21	2026-08-10	
895574	30th Celebration: Ditto Premium Collection		Box Set	screen-sealed	130.68	90	133.82	2026-08-10	
885543	Pitch Black Pokémon Center Elite Trainer Box		Elite Trainer Boxes	screen-sealed	130.09	102	142.56	2026-08-10	
585983	Ultra Prism: Porygon-Z 3-Pack Blister		Blisters	screen-sealed	130	93	127.81	2026-08-10	
271863	Furious Fists Booster		Booster	screen-sealed	129.87	49.9	92.57	2026-08-10	
860576	Ascended Heroes: Mega Lucario Premium Poster Collection		Box Set	screen-sealed	129.06	64.9	117.33	2026-08-10	
865405	Perfect Order Pokémon Center Elite Trainer Box		Elite Trainer Boxes	screen-sealed	126.61	91	130.15	2026-08-10	
604988	Leafeon VSTAR Special Collection (EU Version)		Box Set	screen-sealed	126.27	79.9	120.27	2026-08-10	
557972	Chilling Reign Shadow Rider Calyrex Elite Trainer Box		Elite Trainer Boxes	screen-sealed	125.07	90	124.5	2026-08-10	
282561	POP Series 1 Booster		Booster	screen-sealed	125	38	81.01	2026-08-10	
745565	Paldean Fates Booster Bundle	Paldean Fates	Display	screen-sealed	123.03	62.99	122.04	2026-08-10	
527425	Battle Styles Elite Trainer Box (Single Strike)		Elite Trainer Boxes	screen-sealed	123	100	249.5	2026-08-10	
271858	Arceus Booster		Booster	screen-sealed	119.98	119.69	192.79	2026-08-10	
611311	Professor Juniper Premium Tournament Collection Box		Box Set	screen-sealed	119	79	158.11	2026-08-10	
860577	Ascended Heroes: Mega Gardevoir Premium Poster Collection		Box Set	screen-sealed	114.24	62.78	112.62	2026-08-10	
611358	Astral Radiance: Build & Battle Stadium Box		Box Set	screen-sealed	113.39	64.95	112.38	2026-08-10	
719700	151 Zapdos ex Collection		Box Set	screen-sealed	111.22	75	112.7	2026-08-10	
526090	Shining Fates: Boltund V Tin		Tins	screen-sealed	107.2	44	78.44	2026-08-10	
761220	Twilight Masquerade Booster Box (18 Boosters)		Display	screen-sealed	107.12	81	111.08	2026-08-10	
719690	Crown Zenith: Unown V & Lugia V Special Collection		Box Set	screen-sealed	106.26	61	97.89	2026-08-10	
829958	151C: Collect 151 Gathering Jumbo Booster Box	Collect 151	Display	screen-sealed	106	90	125.5	2026-08-10	
719699	151 Alakazam ex Collection		Box Set	screen-sealed	105.29	74.9	104.78	2026-08-10	
611243	Space Juggler Booster Box		Display	screen-sealed	103.47	57.5	91.02	2026-08-10	
522985	Orbeetle V Box		Box Set	screen-sealed	103.25	36.99	65.93	2026-08-10	
824088	Black Bolt Elite Trainer Box		Elite Trainer Boxes	screen-sealed	102.23	52	106.97	2026-08-10	
271884	Primal Clash Booster		Booster	screen-sealed	101.88	69.99	116.77	2026-08-10	
824095	White Flare Binder Collection		Box Set	screen-sealed	101.72	34.88	71.84	2026-08-10	
750412	Temporal Forces Walking Wake Elite Trainer Box		Elite Trainer Boxes	screen-sealed	101.34	67	104.99	2026-08-10	
286560	Plasma Freeze: Frost Ray Theme Deck		Theme Deck	screen-sealed	100	39.99	76.78	2026-08-10	
286561	Plasma Freeze: Psy Crusher Theme Deck		Theme Deck	screen-sealed	100	44.99	77.95	2026-08-10	
367370	Team Up: Relentless Flame Theme Deck	Team Up	Theme Deck	screen-sealed	99.99	29.9	58.56	2026-08-10	
683021	Crown Zenith: Galarian Moltres Tin		Tins	screen-sealed	99.73	60	91.6	2026-08-10	
824089	White Flare Elite Trainer Box		Elite Trainer Boxes	screen-sealed	99.56	54	97.46	2026-08-10	
286618	XY: Destruction Rush Theme Deck	XY	Theme Deck	screen-sealed	99	23	54.52	2026-08-10	
573595	Fusion Arts Booster Box		Display	screen-sealed	98.46	93.99	174.58	2026-08-10	
692102	Scarlet & Violet Miraidon Elite Trainer Box		Elite Trainer Boxes	screen-sealed	96.97	64.99	95.97	2026-08-10	
574438	Hoopa V Box		Box Set	screen-sealed	96.25	59	118.18	2026-08-10	
609084	Arceus V Figure Collection		Box Set	screen-sealed	95.13	65	101.12	2026-08-10	
683019	Crown Zenith: Galarian Articuno Tin		Tins	screen-sealed	94.9	50	96.58	2026-08-10	
574595	Fusion Strike Build & Battle Box	Fusion Strike	Box Set	screen-sealed	93.74	80	126.23	2026-08-10	
526075	Shining Fates: Shiny Crobat VMAX Collection		Box Set	screen-sealed	93.61	60	88.58	2026-08-10	
683020	Crown Zenith: Galarian Zapdos Tin		Tins	screen-sealed	92.31	59.9	91.36	2026-08-10	
895561	30th Celebration Booster Bundle		Display	screen-sealed	91.97	59.99	96.02	2026-08-10	
895560	30th Celebration Binder Collection		Box Set	screen-sealed	91.47	65	105.43	2026-08-10	
834830	Mega Evolution: Mega Lucario Elite Trainer Box		Elite Trainer Boxes	screen-sealed	90.58	59	94.93	2026-08-10	
294702	Legendary Battle Deck: Moltres		Theme Deck	screen-sealed	90	45	74.84	2026-08-10	
750410	Temporal Forces Iron Leaves Elite Trainer Box		Elite Trainer Boxes	screen-sealed	89.73	55.99	96.19	2026-08-10	
776336	Stellar Crown Elite Trainer Box		Elite Trainer Boxes	screen-sealed	89.6	50	89.48	2026-08-10	
283942	Ancient Origins Booster	Ancient Origins	Booster	screen-sealed	88.81	50	92	2026-08-10	
692101	Scarlet & Violet Koraidon Elite Trainer Box		Elite Trainer Boxes	screen-sealed	88.39	60	98.07	2026-08-10	
834831	Mega Evolution: Mega Gardevoir Elite Trainer Box		Elite Trainer Boxes	screen-sealed	87.49	52	92.08	2026-08-10	
818039	The Glory of Team Rocket Booster Box		Display	screen-sealed	86.81	55	86.13	2026-08-10	
728727	Paradox Rift Roaring Moon Elite Trainer Box		Elite Trainer Boxes	screen-sealed	85.42	59	87.97	2026-08-10	
818583	Destined Rivals Build & Battle Box		Box Set	screen-sealed	85.27	54.99	91.42	2026-08-10	
805593	Journey Together Elite Trainer Box		Elite Trainer Boxes	screen-sealed	83.42	45	84.22	2026-08-10	
571387	Dragonite V Box		Box Set	screen-sealed	83	70	133.39	2026-08-10	
798924	Prismatic Evolutions Booster Bundle		Display	screen-sealed	82.99	42.9	85.36	2026-08-10	
664332	Pokémon GO Premier Deck Holder Collection—Dragonite VSTAR		Box Set	screen-sealed	82.76	49.9	76.94	2026-08-10	
271852	Unleashed Booster		Booster	screen-sealed	81.96	79.95	143.23	2026-08-10	
653709	Pokémon GO: Premium Collection—Radiant Eevee		Box Set	screen-sealed	81.74	50	81.71	2026-08-10	
549381	Matchless Fighters Booster Box		Display	screen-sealed	80	74.99	121.93	2026-08-10	
608111	Boltund V Box		Box Set	screen-sealed	78.82	47.95	80.1	2026-08-10	
745555	Paldean Fates: Tera Charizard ex Tin	Paldean Fates	Tins	screen-sealed	77.5	40	77.61	2026-08-10	
433954	Galar Partners Tin: Rillaboom V Tin		Tins	screen-sealed	77.25	45	83.92	2026-08-10	
674708	Evolving Skies Sleeved Booster	Evolving Skies	Booster	screen-sealed	76.02	40	84	2026-08-10	
683010	Crown Zenith: Regieleki V Collection		Box Set	screen-sealed	74.83	48.99	83.05	2026-08-10	
860578	Ascended Heroes Booster Bundle		Display	screen-sealed	74.51	37.99	76.23	2026-08-10	
683025	Crown Zenith: Morpeko V-UNION Premium Playmat Collection		Box Set	screen-sealed	74.31	55	94.92	2026-08-10	
683011	Crown Zenith: Regidrago V Collection		Box Set	screen-sealed	73.83	45	82.25	2026-08-10	
286601	Arceus: Flamemaster Theme Deck		Theme Deck	screen-sealed	73.29	59.9	100.27	2026-08-10	
770968	Shrouded Fable: Kingdra ex Special Illustration Collection		Box Set	screen-sealed	72.62	50	89.7	2026-08-10	
824107	Black Bolt Booster Bundle		Display	screen-sealed	71.47	39.98	77.51	2026-08-10	
750587	Paldean Fates: Great Tusk ex Tin	Paldean Fates	Tins	screen-sealed	71.42	28	63.99	2026-08-10	
750590	Paldean Fates: Iron Treads ex Tin	Paldean Fates	Tins	screen-sealed	71.15	27	64.18	2026-08-10	
725585	Charizard ex Premium Collection		Box Set	screen-sealed	71.08	40	69.1	2026-08-10	
669629	Incandescent Arcana Booster Box		Display	screen-sealed	70.99	39.99	73.03	2026-08-10	
731421	Jirachi V Box		Box Set	screen-sealed	70	35.99	83.91	2026-08-10	
683024	Crown Zenith: Inteleon Pin Collection 3-Pack Blister		Blisters	screen-sealed	67.77	41.9	79.8	2026-08-10	
761229	Twilight Masquerade Elite Trainer Box		Elite Trainer Boxes	screen-sealed	67.49	43.98	72.68	2026-08-10	
271825	Black & White Booster		Booster	screen-sealed	67.43	44.99	72.59	2026-08-10	
683022	Crown Zenith: Rillaboom Pin Collection 3-Pack Blister		Blisters	screen-sealed	67.4	41.9	74.45	2026-08-10	
895558	30th Celebration: Greninja ex Box		Box Set	screen-sealed	66.37	46	75.84	2026-08-10	
824108	White Flare Booster Bundle		Display	screen-sealed	66.23	36.9	68.53	2026-08-10	
798948	Prismatic Evolutions: Accessory Pouch Special Collection		Box Set	screen-sealed	65.29	32.98	60.58	2026-08-10	
301163	Shining Legends Booster	Shining Legends	Booster	screen-sealed	65.14	24.95	56.05	2026-08-10	
757141	Crimson Haze Booster Box		Display	screen-sealed	64.85	39.99	71.79	2026-08-10	
745545	Paldean Fates: Fidough Tech Sticker Collection	Paldean Fates	Blisters	screen-sealed	64.7	26.99	58.29	2026-08-10	
865393	First Partner Illustration Collection Series 1		Box Set	screen-sealed	63.91	27.99	57.85	2026-08-10	
745547	Paldean Fates: Greavard Tech Sticker Collection	Paldean Fates	Blisters	screen-sealed	63.76	24.94	58.24	2026-08-10	
784953	Surging Sparks Booster Bundle		Display	screen-sealed	59.96	36	66.97	2026-08-10	
463849	Explosive Flame Walker Booster Box		Display	screen-sealed	59.9	58	143.94	2026-08-10	
846734	Phantasmal Flames Booster Bundle		Display	screen-sealed	58.77	34	62.44	2026-08-10	
690300	Mimikyu ex Box		Box Set	screen-sealed	58.3	30	59.48	2026-08-10	
377490	Unified Minds Booster		Booster	screen-sealed	57.34	21.5	52.92	2026-08-10	
715783	Obsidian Flames Build & Battle Box		Box Set	screen-sealed	55	33	60.92	2026-08-10	
551956	Strength Expansion Pack Sun & Moon Booster		Booster	screen-sealed	54.98	39	67.98	2026-08-10	
864106	Ascended Heroes: First Partners Deluxe Pin Collection		Box Set	screen-sealed	54.33	26.9	54.28	2026-08-10	
664334	Pokémon GO Pin Collection—Charmander		Box Set	screen-sealed	48.75	33	60.73	2026-08-10	
453468	Rebel Clash Build & Battle Box		Box Set	screen-sealed	48.3	44	71.85	2026-08-10	
761222	Twilight Masquerade Build & Battle Box		Box Set	screen-sealed	46.97	29.9	73.85	2026-08-10	
398444	Cosmic Eclipse Booster		Booster	screen-sealed	46.74	20	48.53	2026-08-10	
363377	Lost Thunder: Blazing Volcano Theme Deck		Theme Deck	screen-sealed	45	20	47.36	2026-08-10	
893949	Chaos Rising: Reverse Holo Main Set		PCG Set	screen-sealed	44.99	30	67.47	2026-08-10	
666154	Lost Origin: Weavile 3-Pack Blister		Blisters	screen-sealed	42.56	36	67.98	2026-08-10	
526115	Shining Fates: Polteageist Mad Party Collection		Box Set	screen-sealed	42.2	29	57.52	2026-08-10	
286803	XY Trainer Kit		Trainer Kits	screen-sealed	34	33.99	71.72	2026-08-10	
560996	Generic Level Ball Tin		Tins	screen-shelf	160	49.99	87.36	2026-08-10	
783926	Ninetales ex [Intense Glare | Fire Blast]		Single	screen-shelf	153.33	40	85.76	2026-08-10	
562442	HeartGold & SoulSilver Booster (5 Cards)		Booster	screen-shelf	150	50	86.65	2026-08-10	
555061	Naganadel & Guzzlord GX [Violent Appetite | Jet Pierce | Chaotic Order GX]		Single	screen-shelf	149.99	38.49	70.44	2026-08-10	
372719	Blastoise GX [Solid Shell | Rocket Splash | Giant Geyser GX]		Single	screen-shelf	130	37.99	86.77	2026-08-10	
275047	Slowking [Bursting Hand | Shuffle Attack]	Aquapolis	Single	screen-shelf	127.33	29.98	67.01	2026-08-10	
282561	POP Series 1 Booster		Booster	screen-shelf	125	38	81.01	2026-08-10	
651964	Togetic [Miracle Shift | Mini-Metronome]	The Town on No Map	Single	screen-shelf	120	45	84.66	2026-08-10	
275471	Ho-Oh [Sacred Wing]	Wizards Black Star Promos	Single	screen-shelf	113.86	60	87.08	2026-08-10	
566679	Garchomp LV.X [Dragon Pulse | Restore]	DP Promos	Single	screen-shelf	112.5	44.99	88.26	2026-08-10	
566234	Espeon V [Zen Shot | Super Psy Bolt]	Eevee Heroes	Single	screen-shelf	111.82	54.95	85.45	2026-08-10	
289782	Fearow [Repeating Drill | Nosedive]	XY Black Star Promos	Single	screen-shelf	109.95	40	81.93	2026-08-10	
572151	Zacian V-UNION Special Collection		Box Set	screen-shelf	109.9	65	89.78	2026-08-10	
526090	Shining Fates: Boltund V Tin		Tins	screen-shelf	107.2	44	78.44	2026-08-10	
522985	Orbeetle V Box		Box Set	screen-shelf	103.25	36.99	65.93	2026-08-10	
563001	Lugia BREAK [Flash of Destruction]		Single	screen-shelf	102.48	22	54.1	2026-08-10	
824095	White Flare Binder Collection		Box Set	screen-shelf	101.72	34.88	71.84	2026-08-10	
286560	Plasma Freeze: Frost Ray Theme Deck		Theme Deck	screen-shelf	100	39.99	76.78	2026-08-10	
286561	Plasma Freeze: Psy Crusher Theme Deck		Theme Deck	screen-shelf	100	44.99	77.95	2026-08-10	
862178	Sprigatito [Scratch | Leafage]		Single	screen-shelf	100	30	58.17	2026-08-10	
367370	Team Up: Relentless Flame Theme Deck	Team Up	Theme Deck	screen-shelf	99.99	29.9	58.56	2026-08-10	
286618	XY: Destruction Rush Theme Deck	XY	Theme Deck	screen-shelf	99	23	54.52	2026-08-10	
571919	Crystal Tower's Entei [Make Wishes Come True | Fire Spin]	Unnumbered Promos	Single	screen-shelf	99	24.99	51.67	2026-08-10	
407419	WCD 2019: Fire Box		Theme Deck	screen-shelf	99	60	86.64	2026-08-10	
554255	Gym Badge	XY Promos	Single	screen-shelf	97.5	35	80.86	2026-08-10	
574275	Rayquaza VMAX [Azure Pulse | Max Burst]	Evolving Skies	Single	screen-shelf	96.93	39.97	79.58	2026-08-10	
869885	Mega Feraligatr ex [Mortal Crunch]		Single	screen-shelf	94.02	63	87.31	2026-08-10	
311408	Karen	XY Black Star Promos	Single	screen-shelf	94	50	83.21	2026-08-10	
526075	Shining Fates: Shiny Crobat VMAX Collection		Box Set	screen-shelf	93.61	60	88.58	2026-08-10	
868125	Rosa's Encouragement		Single	screen-shelf	93.14	40	84.68	2026-08-10	
282562	POP Series 2 Booster		Booster	screen-shelf	93	54.9	78.54	2026-08-10	
805541	Ceruledge ex [Abyssal Flames | Raging Amethyst]		Single	screen-shelf	90.32	50	87.35	2026-08-10	
294702	Legendary Battle Deck: Moltres		Theme Deck	screen-shelf	90	45	74.84	2026-08-10	
471009	Cynthia	Sun & Moon Promos	Single	screen-shelf	90	31.99	60.69	2026-08-10	
652064	Tyranitar [Destructive Roar | Tail Slap | Gigacrush]	Wind from the Sea	Single	screen-shelf	89.99	30	59.04	2026-08-10	
776336	Stellar Crown Elite Trainer Box		Elite Trainer Boxes	screen-shelf	89.6	50	89.48	2026-08-10	
570898	Celebrations Mini Tins: Johto Starters Tin		Tins	screen-shelf	89	48.99	72.65	2026-08-10	
793596	Milotic ex [Sparkling Scales | Hypno Splash]		Single	screen-shelf	88.67	60	89.37	2026-08-10	
276073	Absol [Quick Attack | Feint Attack]		Single	screen-shelf	87.44	38	73.98	2026-08-10	
733768	Pikachu [Charge | Pika Punch]		Single	screen-shelf	87.02	40	79.27	2026-08-10	
761552	Perrin		Single	screen-shelf	86.83	54.99	79.23	2026-08-10	
818039	The Glory of Team Rocket Booster Box		Display	screen-shelf	86.81	55	86.13	2026-08-10	
563594	Sceptile EX [Sleep Poison | Unseen Claw]		Single	screen-shelf	86.67	52	82.87	2026-08-10	
728727	Paradox Rift Roaring Moon Elite Trainer Box		Elite Trainer Boxes	screen-shelf	85.42	59	87.97	2026-08-10	
449643	Jolteon [Electrigun | Pin Missile]		Single	screen-shelf	85	60	84.59	2026-08-10	
650687	Venusaur [Harvest Bounty | Body Slam]	Base Expansion Pack	Single	screen-shelf	84.98	58.95	84.54	2026-08-10	
569990	Pikachu [Energize | Thunderbolt]		Single	screen-shelf	84.82	44.99	69.64	2026-08-10	
560981	Caitlin		Single	screen-shelf	84.64	27	56.84	2026-08-10	
728730	Paradox Rift Iron Valiant Elite Trainer Box		Elite Trainer Boxes	screen-shelf	84.56	55	81.21	2026-08-10	
566236	Sylveon V [Dream Gift | Magical Shot]	Eevee Heroes	Single	screen-shelf	84.11	50	81.12	2026-08-10	
560378	Shaymin [Aromatherapy | Magical Leaf]		Single	screen-shelf	83.93	39.9	79.74	2026-08-10	
803313	Leafeon ex [Verdant Storm | Moss Agate]		Single	screen-shelf	83.83	45	74.64	2026-08-10	
805593	Journey Together Elite Trainer Box		Elite Trainer Boxes	screen-shelf	83.42	45	84.22	2026-08-10	
745013	Bulbasaur [Leech Seed | 151]		Single	screen-shelf	83.13	49.95	81.85	2026-08-10	
798924	Prismatic Evolutions Booster Bundle		Display	screen-shelf	82.99	42.9	85.36	2026-08-10	
664332	Pokémon GO Premier Deck Holder Collection—Dragonite VSTAR		Box Set	screen-shelf	82.76	49.9	76.94	2026-08-10	
363677	Primal Kyogre EX [Tidal Storm]	Ancient Origins	Single	screen-shelf	82	50	82	2026-08-10	
653709	Pokémon GO: Premium Collection—Radiant Eevee		Box Set	screen-shelf	81.74	50	81.71	2026-08-10	
566548	Visitor Deoxys [Recover | Psycho Boost]	10th Movie Commemoration Set	Single	screen-shelf	81.25	34.95	78.9	2026-08-10	
895487	CSV10C: Chasing Glory Together Jumbo Booster Box		Display	screen-shelf	80.77	55.9	81.26	2026-08-10	
275417	Dark Venusaur [Horrid Pollen]	Best of Game Cards Promos	Single	screen-shelf	80.55	56.99	80.88	2026-08-10	
887976	Jasmine's Gaze		Single	screen-shelf	80	35	80	2026-08-10	
471464	Charizard [Roaring Resolve | Continuous Blaze Ball]	Sun & Moon Promos	Single	screen-shelf	80	39.98	73.12	2026-08-10	
562552	Pidgeot EX [Mirror Move | Feather Lance]	Expansion Pack 20th Anniversary	Single	screen-shelf	80	29.99	59.28	2026-08-10	
494519	Fall 2020 Collector Chest		Box Set	screen-shelf	80	45	69.19	2026-08-10	
563057	Gengar [Sinister Fog | Creep Show]		Single	screen-shelf	79.99	49.99	73.81	2026-08-10	
547216	Garchomp & Giratina GX [Linear Attack | Calamitous Slash | GG End GX]	Tag Team GX: Tag All Stars	Single	screen-shelf	79.79	59	89.39	2026-08-10	
274273	Giovanni's Gyarados [Summon Storm | Dragon Tornado]		Single	screen-shelf	79.67	38.9	75.85	2026-08-10	
803324	Espeon ex [Psych Out | Amezez]		Single	screen-shelf	79.53	45	73.19	2026-08-10	
669050	Scizor [Cut | Metal Claw]		Single	screen-shelf	79.47	35	81.14	2026-08-10	
566419	Heatran Lv.40 [Heat Acceleration | Flamethrower]	DPt Promos	Single	screen-shelf	79	48	84.15	2026-08-10	
563693	Hydreigon EX [Dragon Road | Shred]		Single	screen-shelf	78.95	40	88.38	2026-08-10	
608111	Boltund V Box		Box Set	screen-shelf	78.82	47.95	80.1	2026-08-10	
449538	Fire Energy		Single	screen-shelf	78.74	59.95	89.79	2026-08-10	
720949	Mewtwo [Reflective Barrier | Psyslash]	SV Black Star Promos	Single	screen-shelf	78.19	34.99	66.91	2026-08-10	
563909	Aggron EX [Steel Headbutt | Raging Hammer]		Single	screen-shelf	78	55	78.65	2026-08-10	
805545	Palafin ex [Hero's Spirit | Giga Impact]		Single	screen-shelf	77.94	30	69.19	2026-08-10	
745555	Paldean Fates: Tera Charizard ex Tin	Paldean Fates	Tins	screen-shelf	77.5	40	77.61	2026-08-10	
280565	Reuniclus [Damage Swap | Psywave]		Single	screen-shelf	77.45	31.95	60.72	2026-08-10	
433954	Galar Partners Tin: Rillaboom V Tin		Tins	screen-shelf	77.25	45	83.92	2026-08-10	
609852	Garchomp V [Dragon Claw | Sonic Strike]		Single	screen-shelf	77.1	33	66.82	2026-08-10	
674708	Evolving Skies Sleeved Booster	Evolving Skies	Booster	screen-shelf	76.02	40	84	2026-08-10	
869900	Steven's Metagross ex [X-Boot | Metal Stomp]		Single	screen-shelf	75.22	34.9	65.29	2026-08-10	
733761	Bulbasaur [Leech Seed | 151]		Single	screen-shelf	75.1	40	67.87	2026-08-10	
882856	Bayleef [Soothing Scent | Razor Leaf]	EX Unseen Forces	Single	screen-shelf	75	44.99	75	2026-08-10	
462934	Grookey [Full Speed]	Sword & Shield Promos	Single	screen-shelf	75	50	75	2026-08-10	
731698	Fall 2023 Collector Chest		Box Set	screen-shelf	74.93	30	54.53	2026-08-10	
683010	Crown Zenith: Regieleki V Collection		Box Set	screen-shelf	74.83	48.99	83.05	2026-08-10	
829352	Seismitoad [Round | Hyper Voice | SV]		Single	screen-shelf	74.74	44.5	77.84	2026-08-10	
860578	Ascended Heroes Booster Bundle		Display	screen-shelf	74.51	37.99	76.23	2026-08-10	
869276	Tauros [Crush Chance | Call for Family | Horn Attack]		Single	screen-shelf	74	50	85.4	2026-08-10	
683011	Crown Zenith: Regidrago V Collection		Box Set	screen-shelf	73.83	45	82.25	2026-08-10	
749098	Paldea Adventures Chest		Box Set	screen-shelf	73.69	45.99	72.44	2026-08-10	
560381	Victini [Energy Assist | Victory Ball]		Single	screen-shelf	73.57	34.99	81.84	2026-08-10	
584740	Dragonite [Step In | Slam]		Single	screen-shelf	73.55	48	76.68	2026-08-10	
733764	Charmeleon [Combustion | Fire Blast]		Single	screen-shelf	73.17	45	69.16	2026-08-10	
770968	Shrouded Fable: Kingdra ex Special Illustration Collection		Box Set	screen-shelf	72.62	50	89.7	2026-08-10	
695793	Triplet Beat Booster Box		Display	screen-shelf	72.5	54	78.12	2026-08-10	
868124	Meowth ex [Last-Ditch Catch | Tuck Tail]		Single	screen-shelf	72.26	42.99	69.95	2026-08-10	
284269	MAmpharos EX [Exavolt]	Ancient Origins	Single	screen-shelf	71.99	30	62.49	2026-08-10	
719656	Alakazam ex [Mind Jack | Dimensional Hand]		Single	screen-shelf	71.72	25	58.69	2026-08-10	
555086	Red & Blue		Single	screen-shelf	71.66	55	82.37	2026-08-10	
566224	Leafeon V [Greening Cells | Leaf Blade]	Eevee Heroes	Single	screen-shelf	71.6	39	77.05	2026-08-10	
824107	Black Bolt Booster Bundle		Display	screen-shelf	71.47	39.98	77.51	2026-08-10	
750587	Paldean Fates: Great Tusk ex Tin	Paldean Fates	Tins	screen-shelf	71.42	28	63.99	2026-08-10	
750590	Paldean Fates: Iron Treads ex Tin	Paldean Fates	Tins	screen-shelf	71.15	27	64.18	2026-08-10	
725585	Charizard ex Premium Collection		Box Set	screen-shelf	71.08	40	69.1	2026-08-10	
576770	Mew [Mysterious Tail | Psyshot]		Single	screen-shelf	71.01	29.99	55.63	2026-08-10	
669629	Incandescent Arcana Booster Box		Display	screen-shelf	70.99	39.99	73.03	2026-08-10	
471029	Detective Pikachu [Scout | Surprise Attack]	Sun & Moon Promos	Single	screen-shelf	70.99	44.95	73.53	2026-08-10	
731421	Jirachi V Box		Box Set	screen-shelf	70	35.99	83.91	2026-08-10	
653967	Kabutops [Primal Aura | Dual Cut]	Split Earth	Single	screen-shelf	70	40	86.12	2026-08-10	
765697	Walrein ex [Chilling Breath | Wreck]		Single	screen-shelf	70	35	69.32	2026-08-10	
561766	Pikachu [Thunder Wave | Electro Ball]		Single	screen-shelf	70	29.99	62.83	2026-08-10	
566154	Wobbuffet [Tenacious Bind | Trip Over]		Single	screen-shelf	69.99	29	69.99	2026-08-10	
608712	Arceus V [Trinity Charge | Power Edge]		Single	screen-shelf	69.66	30	64.04	2026-08-10	
669489	Origin Forme Palkia VSTAR Premium Collection		Box Set	screen-shelf	69.53	49.9	75.41	2026-08-10	
698600	Leafeon LV.X [Energy Forcing | Verdant Dance]		Single	screen-shelf	68.98	39.9	81.84	2026-08-10	
683024	Crown Zenith: Inteleon Pin Collection 3-Pack Blister		Blisters	screen-shelf	67.77	41.9	79.8	2026-08-10	
803318	Vaporeon ex [Severe Squall | Aquamarine]		Single	screen-shelf	67.54	35	71.12	2026-08-10	
761229	Twilight Masquerade Elite Trainer Box		Elite Trainer Boxes	screen-shelf	67.49	43.98	72.68	2026-08-10	
803319	Glaceon ex [Frost Bullet | Euclase]		Single	screen-shelf	67.43	34.95	63.77	2026-08-10	
271825	Black & White Booster		Booster	screen-shelf	67.43	44.99	72.59	2026-08-10	
683022	Crown Zenith: Rillaboom Pin Collection 3-Pack Blister		Blisters	screen-shelf	67.4	41.9	74.45	2026-08-10	
798945	Prismatic Evolutions Binder Collection		Box Set	screen-shelf	67.05	43	67.19	2026-08-10	
895902	Morpeko ex [Wheel Draw | Hangry Bomber]		Single	screen-shelf	66.89	45	71.55	2026-08-10	
836216	Hydreigon ex [Greed Eater | Dark Bite]		Single	screen-shelf	66.87	39	71.4	2026-08-10	
289793	Champions Festival [Duckboat]	XY Black Star Promos	Single	screen-shelf	66.83	35	84.88	2026-08-10	
450523	Water Energy		Single	screen-shelf	66.83	47.37	79.54	2026-08-10	
732596	Future Flash Booster Box		Display	screen-shelf	66.62	39	64.07	2026-08-10	
836211	Keldeo ex [Gale Thrust | Sonic Edge]		Single	screen-shelf	66.42	28	68.1	2026-08-10	
895558	30th Celebration: Greninja ex Box		Box Set	screen-shelf	66.37	46	75.84	2026-08-10	
838393	Pikachu [Scrappy Spark]	SV Black Star Promos	Single	screen-shelf	66.24	45	70.56	2026-08-10	
824108	White Flare Booster Bundle		Display	screen-shelf	66.23	36.9	68.53	2026-08-10	
564673	Umbreon & Darkrai GX [Black Lance | Dark Moon GX]		Single	screen-shelf	66.08	29	60.05	2026-08-10	
745015	Squirtle [Withdraw | Skull Bash]		Single	screen-shelf	65.95	39.9	66.37	2026-08-10	
794621	Pikachu ex [Resolute Heart | Topaz Bolt]		Single	screen-shelf	65.92	49.99	74.71	2026-08-10	
895557	30th Celebration: Sylveon ex Box		Box Set	screen-shelf	65.85	46	71.12	2026-08-10	
653707	Pokémon GO: Special Collection—Team Valor		Box Set	screen-shelf	65.66	39.9	66.66	2026-08-10	
821958	Team Rocket's Nidoking ex [Tainted Horn | Kingly Impact]		Single	screen-shelf	65.61	29.99	59.3	2026-08-10	
652039	Lanturn [Ion Coating | Electric Tackle]	Wind from the Sea	Single	screen-shelf	65.5	22.49	54.5	2026-08-10	
798948	Prismatic Evolutions: Accessory Pouch Special Collection		Box Set	screen-shelf	65.29	32.98	60.58	2026-08-10	
301163	Shining Legends Booster	Shining Legends	Booster	screen-shelf	65.14	24.95	56.05	2026-08-10	
554473	Janine's Venomoth [Magic Dust | Razor Wind]	Pokémon Card VS	Single	screen-shelf	65	35	62.95	2026-08-10	
566170	Latios [Luster Float | Infinite Wing]		Single	screen-shelf	65	44.5	70.41	2026-08-10	
566673	Grotle Lv.21 [Synthesis | Cut]	DP Promos	Single	screen-shelf	64.99	34	64.99	2026-08-10	
757141	Crimson Haze Booster Box		Display	screen-shelf	64.85	39.99	71.79	2026-08-10	
691889	Mew [Mysterious Tail | Psyshot]		Single	screen-shelf	64.82	30	62.39	2026-08-10	
274776	Gengar [Curse | Dark Mind]		Single	screen-shelf	64.82	30	60.64	2026-08-10	
745545	Paldean Fates: Fidough Tech Sticker Collection	Paldean Fates	Blisters	screen-shelf	64.7	26.99	58.29	2026-08-10	
277297	Flygon ex δ Delta Species [Sand Damage | Psychic Pulse]	EX Dragon Frontiers	Single	screen-shelf	64.44	23	46.57	2026-08-10	
311404	M Sharpedo EX [Torpedo Dive]	XY Black Star Promos	Single	screen-shelf	63.95	39.99	73.23	2026-08-10	
865393	First Partner Illustration Collection Series 1		Box Set	screen-shelf	63.91	27.99	57.85	2026-08-10	
745547	Paldean Fates: Greavard Tech Sticker Collection	Paldean Fates	Blisters	screen-shelf	63.76	24.94	58.24	2026-08-10	
275434	Cool Porygon [Textures Magic | 3-D Attack]	Wizards Black Star Promos	Single	screen-shelf	63.57	34.99	62.15	2026-08-10	
574254	Noivern V [Boomburst | Synchro Loud]	Evolving Skies	Single	screen-shelf	63.46	34.87	59.74	2026-08-10	
732595	Ancient Roar Booster Box		Display	screen-shelf	63.06	41.95	65.92	2026-08-10	
687773	Charizard V [Incinerate | Heat Blast]		Single	screen-shelf	63	44	72.33	2026-08-10	
587042	Umbreon V [Mean Look | Moonlight Blade]		Single	screen-shelf	62.85	40	71.21	2026-08-10	
861151	Gengar [Poltergeist | Hollow Dive]		Single	screen-shelf	62.66	35	61.79	2026-08-10	
558484	Sabrina's Suggestion		Single	screen-shelf	62.47	50	83.18	2026-08-10	
691921	Raikou V [Fleet-Footed | Lightning Rondo]		Single	screen-shelf	62.46	25	60.76	2026-08-10	
467739	Marnie		Single	screen-shelf	61.95	57	86.07	2026-08-10	
803315	Flareon ex [Burning Charge | Carnelian]		Single	screen-shelf	61.94	30	54.7	2026-08-10	
563342	Gengar [Sinister Fog | Creep Show]		Single	screen-shelf	61.79	33	66.36	2026-08-10	
760838	Raging Bolt ex [Burst Roar | Bellowing Thunder]		Single	screen-shelf	61.37	29.99	59.64	2026-08-10	
691916	Entei V [Fleet-Footed | Burning Rondo]		Single	screen-shelf	60.59	30	67.67	2026-08-10	
715734	Chi-Yu ex [Jealously Singe | Flame Surge]		Single	screen-shelf	60.31	20	45.21	2026-08-10	
715758	Charmander [Heat Tackle]	SV Black Star Promos	Single	screen-shelf	60.15	30	53.94	2026-08-10	
865406	Perfect Order Elite Trainer Box		Elite Trainer Boxes	screen-shelf	60.06	35	59.4	2026-08-10	
784953	Surging Sparks Booster Bundle		Display	screen-shelf	59.96	36	66.97	2026-08-10	
887470	Detective Pikachu [Coffee Break | Corkscrew Punch]	SM Black Star Promos	Single	screen-shelf	59.9	25	57.64	2026-08-10	
834501	Glaceon V [Frozen Awakening | Heavy Snow]		Single	screen-shelf	59.77	44	67.43	2026-08-10	
277430	Armaldo ex [Twin-blade | Supersonic Claws]		Single	screen-shelf	59.47	25	57.2	2026-08-10	
557268	Moltres & Zapdos & Articuno GX [Trinity Burn | Sky Legends GX]		Single	screen-shelf	59.45	30	66.66	2026-08-10	
859033	Mega Charizard X ex [Inferno X]		Single	screen-shelf	59.44	27	50.69	2026-08-10	
691909	Pikachu [Pika Dash | Whimsy Tackle]		Single	screen-shelf	59.4	30	61.81	2026-08-10	
585154	Here Comes Team Rocket!		Single	screen-shelf	59.07	30	61.72	2026-08-10	
846734	Phantasmal Flames Booster Bundle		Display	screen-shelf	58.77	34	62.44	2026-08-10	
719659	Erika's Invitation		Single	screen-shelf	58.36	29	62.93	2026-08-10	
690300	Mimikyu ex Box		Box Set	screen-shelf	58.3	30	59.48	2026-08-10	
571022	Absol [Quick Attack | Feint Attack]		Single	screen-shelf	58.17	39.9	68.81	2026-08-10	
841985	Pikachu [Growl | Thundershock]	Unnumbered Promos	Single	screen-shelf	57.99	50	76.63	2026-08-10	
826067	Misty's Psyduck [Flustered Leap | Sprinkle Water]		Single	screen-shelf	57.76	22	46.49	2026-08-10	
780811	Kingdra ex [King's Order | Hydro Pump]	SV Black Star Promos	Single	screen-shelf	57.64	29	60.26	2026-08-10	
840382	Mega Venusaur ex [Solar Transfer | Jungle Dump]		Single	screen-shelf	57.64	32.95	57.87	2026-08-10	
571150	Pupitar [Rock Smash]	T Promos	Single	screen-shelf	57.5	15.99	39.5	2026-08-10	
556970	Slowpoke & Psyduck GX [Ditch and Splash | Thrilling Times GX]		Single	screen-shelf	57.48	24.99	57.05	2026-08-10	
377490	Unified Minds Booster		Booster	screen-shelf	57.34	21.5	52.92	2026-08-10	
566350	Pikachu [M] Lv.45 [Thunderbolt]	Movie Commemoration Random Pack	Single	screen-shelf	56.98	42.5	79.18	2026-08-10	
836104	Oshawott [Tackle | Water Gun | SV]		Single	screen-shelf	56.42	35	58.9	2026-08-10	
547211	Lucario & Melmetal GX [Steel Fist | Heavy Impact | Full Metal Wall GX]	Tag Team GX: Tag All Stars	Single	screen-shelf	56.25	39.95	79.52	2026-08-10	
765029	Metagross δ Delta Species [Delta Control | Crush and Burn]		Single	screen-shelf	56	24.98	49.97	2026-08-10	
691936	Hisuian Zoroark VSTAR [Ticking Curse | Phantom Star]		Single	screen-shelf	55.58	25	50.45	2026-08-10	
715783	Obsidian Flames Build & Battle Box		Box Set	screen-shelf	55	33	60.92	2026-08-10	
275642	Lapras [Gentle Song | Ice Beam]		Single	screen-shelf	55	44.99	71	2026-08-10	
556784	Charizard & Braixen GX [Brilliant Flare | Crimson Flame Pillar GX]		Single	screen-shelf	54.99	45	80.96	2026-08-10	
551956	Strength Expansion Pack Sun & Moon Booster		Booster	screen-shelf	54.98	39	67.98	2026-08-10	
803322	Jolteon ex [Flashing Spear | Dravite]		Single	screen-shelf	54.75	27.99	60.83	2026-08-10	
864106	Ascended Heroes: First Partners Deluxe Pin Collection		Box Set	screen-shelf	54.33	26.9	54.28	2026-08-10	
279530	Alph Lithograph		Single	screen-shelf	54.29	22	47.72	2026-08-10	
674368	Charizard V [Incinerate | Heat Blast]	SWSH Black Star Promos	Single	screen-shelf	54.2	29.49	71.57	2026-08-10	
780973	Persian [Fury Swipes | Slashing Claw]		Single	screen-shelf	52.67	28.38	52.14	2026-08-10	
566695	Electabuzz Lv.32 [Thundershock | Thunder]	DP Promos	Single	screen-shelf	52.5	18	44.91	2026-08-10	
316077	Lusamine		Single	screen-shelf	52.39	25	50.7	2026-08-10	
546311	Empoleon V [Emperor's Eyes | Swirling Slice]		Single	screen-shelf	52.33	25	49.99	2026-08-10	
554536	Bruno's Hitmonchan [Comet Punch | Lucky Punch]	Pokémon Card VS	Single	screen-shelf	51.99	19.98	45.81	2026-08-10	
836244	N's Plan		Single	screen-shelf	51.37	28	58	2026-08-10	
851067	Bulbasaur [Bind Down]		Single	screen-shelf	51.19	18.97	44.43	2026-08-10	
566222	Inteleon VMAX [Double Gunner | G-Max Spiral]		Single	screen-shelf	51.12	27	53.27	2026-08-10	
733776	Dragonair [Beat | Aqua Slash]		Single	screen-shelf	50.9	26	49.8	2026-08-10	
684384	Lucario Lv.42 [Aura Sphere | Do the Wave]		Single	screen-shelf	50.75	40	89.74	2026-08-10	
869880	Mega Gengar ex [Shadowy Concealment | Void Gale]		Single	screen-shelf	50.71	23	47.31	2026-08-10	
658838	Origin Forme Dialga V [Metal Coating | Temporal Rupture]		Single	screen-shelf	50.43	29	52.34	2026-08-10	
282787	Roaring Skies Booster		Booster	screen-shelf	50.29	24.99	49.61	2026-08-10	
886512	Cinccino ex [Smooth Coat | Energized Slap]		Single	screen-shelf	50.24	20	43.38	2026-08-10	
563047	Gyarados [Berserker Splash | Aqua Tail]		Single	screen-shelf	50	23.95	49.46	2026-08-10	
887961	Lisia's Appeal		Single	screen-shelf	50	25	50	2026-08-10	
363376	Lost Thunder: Storm Caller Theme Deck		Theme Deck	screen-shelf	50	28	52.37	2026-08-10	
567619	Shaymin EX [Synthesis | Revenge Blast]		Single	screen-shelf	49.99	40	71.69	2026-08-10	
287834	BREAKpoint: Wave Slasher Theme Deck		Theme Deck	screen-shelf	49.99	25.5	51.75	2026-08-10	
852921	Charizard [Brave Flame]		Single	screen-shelf	49.99	24.99	49.99	2026-08-10	
560308	Wishful Baton		Single	screen-shelf	49.99	25	49.99	2026-08-10	
561983	Regirock EX [Regi Power | Bedrock Press]	The Best of XY	Single	screen-shelf	49.95	48.99	86.01	2026-08-10	
719706	151: Machamp Mini Tin		Tins	screen-shelf	49.65	19.5	44.87	2026-08-10	
882852	First Partner Illustration Collection Series 2		Box Set	screen-shelf	49.57	22.89	47.6	2026-08-10	
783676	Gyarados ex [Twister | Dragon Rage]		Single	screen-shelf	49.5	19.99	47.71	2026-08-10	
552369	Collection Y Booster		Booster	screen-shelf	49.4	20	43.31	2026-08-10	
803336	Eevee ex [Rainbow DNA | Coruscating Quartz]		Single	screen-shelf	48.84	24.99	51	2026-08-10	
664334	Pokémon GO Pin Collection—Charmander		Box Set	screen-shelf	48.75	33	60.73	2026-08-10	
733771	Poliwhirl [Wave Splash | Frog Hop]		Single	screen-shelf	48.52	24.8	53.32	2026-08-10	
453468	Rebel Clash Build & Battle Box		Box Set	screen-shelf	48.3	44	71.85	2026-08-10	
733778	Charizard ex [Brave Wing | Explosive Vortex]		Single	screen-shelf	48.29	21.99	47.27	2026-08-10	
275445	Pikachu [Scratch | Thunderbolt]	Wizards Black Star Promos	Single	screen-shelf	47.92	22.99	53.6	2026-08-10	
554441	Lt. Surge's Raichu [Gnaw | Thunder Shock]	Pokémon Card VS	Single	screen-shelf	47.6	20	45.15	2026-08-10	
676162	Arceus Lv.100 [Water | Fastwave]		Single	screen-shelf	47.45	17.99	42.23	2026-08-10	
271861	XY Booster	XY	Booster	screen-shelf	47.33	22	47.55	2026-08-10	
761222	Twilight Masquerade Build & Battle Box		Box Set	screen-shelf	46.97	29.9	73.85	2026-08-10	
372474	Pheromosa & Buzzwole GX [Jet Punch | Elegant Sole | Beast Game GX]		Single	screen-shelf	46.94	29.99	60.26	2026-08-10	
398444	Cosmic Eclipse Booster		Booster	screen-shelf	46.74	20	48.53	2026-08-10	
719708	151: Meowth Mini Tin		Tins	screen-shelf	46.36	24.5	47.75	2026-08-10	
888922	First Partner Illustration Collection Series 3		Box Set	screen-shelf	46.22	22.9	46.2	2026-08-10	
273617	Primal Groudon EX [Gaia Volcano]		Single	screen-shelf	46.16	19.99	43.84	2026-08-10	
664335	Pokémon GO Pin Collection—Squirtle		Box Set	screen-shelf	46.04	24.99	48.73	2026-08-10	
564625	Team Up Dollar Tree Booster (3 Cards)	Team Up	Booster	screen-shelf	45.99	46	83.76	2026-08-10	
561982	MManectric EX [Turbo Bolt]	The Best of XY	Single	screen-shelf	45.66	25	57.37	2026-08-10	
719703	151: Electabuzz Mini Tin		Tins	screen-shelf	45.65	24.9	48.36	2026-08-10	
277435	Suicune [Mirror Coat | Bubblebeam]		Single	screen-shelf	45.36	27	51.39	2026-08-10	
559063	Steven's Resolve		Single	screen-shelf	45	45	82.16	2026-08-10	
564053	Lysandre's Trump Card	Phantom Gate	Single	screen-shelf	45	24.99	54.42	2026-08-10	
363377	Lost Thunder: Blazing Volcano Theme Deck		Theme Deck	screen-shelf	45	20	47.36	2026-08-10	
763510	Deoxys δ Delta Species [Form Change | Delta Reduction]		Single	screen-shelf	45	19	43.24	2026-08-10	
893949	Chaos Rising: Reverse Holo Main Set		PCG Set	screen-shelf	44.99	30	67.47	2026-08-10	
564159	MHeracross EX [Big Bang Horn]		Single	screen-shelf	43.99	34.9	76.44	2026-08-10	
702506	Drowzee [Forced Sleep | Gentle Slap]		Single	screen-shelf	43.49	18.9	42.68	2026-08-10	
666154	Lost Origin: Weavile 3-Pack Blister		Blisters	screen-shelf	42.56	36	67.98	2026-08-10	
526115	Shining Fates: Polteageist Mad Party Collection		Box Set	screen-shelf	42.2	29	57.52	2026-08-10	
715701	Maushold [Gentle Slap | Gnaw Relentlessly]		Single	screen-shelf	42.15	19	46.08	2026-08-10	
274770	Dark Dragonite [Summon Minions | Giant Tail]		Single	screen-shelf	41.82	30	61.11	2026-08-10	
572056	Noivern V [Boomburst | Synchro Loud]		Single	screen-shelf	41.79	29.5	60.72	2026-08-10	
673398	Serena		Single	screen-shelf	41.49	22	50.65	2026-08-10	
544801	Battle Styles Build & Battle Box		Box Set	screen-shelf	40.97	42.5	82.75	2026-08-10	
570481	Deoxys ex [Form Change | Fastwave]	PCG Promos	Single	screen-shelf	40.5	33.33	56.6	2026-08-10	
728200	Mewtwo V [Super Psy Bolt | Transfer Break]		Single	screen-shelf	40.47	18	42.08	2026-08-10	
562615	Gardevoir EX [Link Blast | Luminous Blade]		Single	screen-shelf	40	40	82.19	2026-08-10	
560029	Dialga GX [Overclock | Shred | Timeless GX]		Single	screen-shelf	40	26.96	58.08	2026-08-10	
567913	Marill [Water Gun | WAK]	Everyone's Exciting Battle	Single	screen-shelf	40	22.99	49.54	2026-08-10	
552374	Collection X Booster		Booster	screen-shelf	40	20	43.71	2026-08-10	
653909	Flareon [Self-healing | Singe | Burn Booster]	Split Earth	Single	screen-shelf	39.99	32	55.82	2026-08-10	
558745	Suicune GX [Phantom Winds | Cure Stream | Brinicle GX]		Single	screen-shelf	39.93	40	72.11	2026-08-10	
877284	Chaos Rising Booster Bundle		Display	screen-shelf	39.92	29	53.48	2026-08-10	
560971	Water Energy		Single	screen-shelf	39	19.99	49.55	2026-08-10	
297893	Zygarde EX [Land's Pulse | Cell Storm | Land's Wrath]	Fates Collide	Single	screen-shelf	38.25	22	50.48	2026-08-10	
783300	Dark Houndoom [Shakedown | Dark Fire]	Rocket Gang Strikes Back	Single	screen-shelf	37.37	28.99	58.86	2026-08-10	
553668	Leafeon EX [Leaf Blade | Nature's Breath]	XY Promos	Single	screen-shelf	36.83	25	48.31	2026-08-10	
576778	_____'s Pikachu [Birthday Surprise]		Single	screen-shelf	35.5	19	45.3	2026-08-10	
525455	Arceus & Dialga & Palkia GX [Ultimate Ray | Altered Creation GX]	Sword & Shield Promos	Single	screen-shelf	34.97	27	53.17	2026-08-10	
362901	Entei [Pure Body | Burning Fang]	Aquapolis	Single	screen-shelf	34.95	30	69.23	2026-08-10	
286803	XY Trainer Kit		Trainer Kits	screen-shelf	34	33.99	71.72	2026-08-10	
559233	Salamence GX [Dragon Lift | Bright Flame | Flame Jet GX]		Single	screen-shelf	32	24.99	54.9	2026-08-10	
570547	Aura's Lucario [Focus Energy | High Jump Kick]	PCG Promos	Single	screen-shelf	30.82	16.99	41.83	2026-08-10	
281021	Kyurem [Dragon Claw | Blizzard]		Single	screen-shelf	30.5	22	50.1	2026-08-10	
277300	Latias ex δ Delta Species [Fellow Boost | Power Crush]	EX Dragon Frontiers	Single	screen-shelf	30	25	58.54	2026-08-10	
784387	Typhlosion ex [Ring of Fire | Split Blast]		Single	screen-shelf	30	24.99	48.73	2026-08-10	
553259	Torchic [Ember]	XY Promos	Single	screen-shelf	29.99	19	43.76	2026-08-10	
569304	Raikou EX [Thunder Fang | Volt Bolt]		Single	screen-shelf	28.9	24.95	56.03	2026-08-10	
505910	Galar Power Mini Tins: Obstagoon & Galarian Weezing Tin		Tins	screen-shelf	28.75	25	48.8	2026-08-10	
556763	Blastoise & Piplup GX [Splash Maker | Bubble Launcher GX]		Single	screen-shelf	28.45	17.99	41.75	2026-08-10	
548501	Metapod [Mysterious Powder]	Expansion Sheet	Single	screen-shelf	27.15	21.9	50.24	2026-08-10	
810398	Pikachu [Unwind]	SV Black Star Promos	Single	screen-shelf	27.04	22	50.09	2026-08-10	
611353	Astral Radiance: Eevee 3-Pack Blister		Blisters	screen-shelf	26.86	23.99	50	2026-08-10	
651915	Jumpluff [Fluff | Cotton Punch]	The Town on No Map	Single	screen-shelf	24	20	48.42	2026-08-10	
563832	Professor Birch's Observations		Single	screen-shelf	23.99	35	60.77	2026-08-10	
881945	Eevee & Snorlax GX [Cheer Up | Dump Truck Press | Megaton Friends GX]		Single	screen-shelf	23.67	24.99	56.56	2026-08-10	
571052	Latias and Latios [Light's Guidance]		Single	screen-shelf	22.99	24.99	50.9	2026-08-10	
559888	Palkia GX [Spatial Control | Hydro Pressure | Zero Vanish GX]		Single	screen-shelf	6.99	20	49.75	2026-08-10	
561063	Rescue Stretcher		Single	screen-shelf		49.99	79.95	2026-08-10	
653293	Quick Ball	Fusion Strike	Single	screen-shelf		35	59.99	2026-08-10	
279735	Psychic Energy		Single	screen-shelf		24.99	49.72	2026-08-10	
882914	Leafeon [Miasma Wind | Soothing Scent]		Single	screen-shelf		65	89.68	2026-08-10	
